"level","taxon","family","scale","b","dbh_max_cm","fit_level","fit_taxon"
"genus","Abarema","Fabaceae","0.35056","0.703454","246.4","family","Fabaceae"
"genus","Abelmoschus","Malvaceae","0.33858","0.656564","247.7","family","Malvaceae"
"genus","Abies","Pinaceae","0.202261","0.689619","113","genus","Abies"
"genus","Abrophyllum","Rousseaceae","0.347503","0.646075","385","division","Angiosperm"
"genus","Abuta","Menispermaceae","0.347503","0.646075","385","division","Angiosperm"
"genus","Acacia","Fabaceae","0.743917","0.532006","59.7","genus","Acacia"
"genus","Acalypha","Euphorbiaceae","0.345755","0.614096","117","family","Euphorbiaceae"
"genus","Acer","Sapindaceae","0.474244","0.592329","140","genus","Acer"
"genus","Aceratium","Elaeocarpaceae","0.303363","0.67034","124.7","family","Elaeocarpaceae"
"genus","Achatocarpus","Achatocarpaceae","0.347503","0.646075","385","division","Angiosperm"
"genus","Acronychia","Rutaceae","0.306295","0.603061","83.5","genus","Acronychia"
"genus","Actephila","Phyllanthaceae","0.257811","0.775491","111.5","family","Phyllanthaceae"
"genus","Actinodaphne","Lauraceae","0.307172","0.608885","61","genus","Actinodaphne"
"genus","Adelia","Euphorbiaceae","0.345755","0.614096","117","family","Euphorbiaceae"
"genus","Adenanthera","Fabaceae","0.35056","0.703454","246.4","family","Fabaceae"
"genus","Adenocalymma","Bignoniaceae","0.280322","0.718885","137.3","family","Bignoniaceae"
"genus","Adina","Rubiaceae","0.418989","0.548977","112","family","Rubiaceae"
"genus","Adinandra","Pentaphylacaceae","0.274207","0.657218","112","genus","Adinandra"
"genus","Aegiphila","Lamiaceae","0.344655","0.61105","77.5","family","Lamiaceae"
"genus","Aegle","Rutaceae","0.336044","0.604387","120","family","Rutaceae"
"genus","Aeschynomene","Fabaceae","0.35056","0.703454","246.4","family","Fabaceae"
"genus","Aesculus","Sapindaceae","0.402324","0.640163","141.2","family","Sapindaceae"
"genus","Afrostyrax","Huaceae","0.347503","0.646075","385","division","Angiosperm"
"genus","Afzelia","Fabaceae","0.35056","0.703454","246.4","family","Fabaceae"
"genus","Agarista","Ericaceae","0.312028","0.678492","149","genus","Agarista"
"genus","Agathis","Araucariaceae","0.228162","0.708135","770","division","Gymnosperm"
"genus","Aglaia","Meliaceae","0.432118","0.549654","71.5","genus","Aglaia"
"genus","Agonandra","Opiliaceae","0.347503","0.646075","385","division","Angiosperm"
"genus","Agrostistachys","Euphorbiaceae","0.345755","0.614096","117","family","Euphorbiaceae"
"genus","Ahernia","Salicaceae","0.362303","0.615443","103.5","family","Salicaceae"
"genus","Aidia","Rubiaceae","0.299392","0.719056","32","genus","Aidia"
"genus","Ailanthus","Simaroubaceae","0.386634","0.616087","78.9","family","Simaroubaceae"
"genus","Alangium","Cornaceae","0.48242","0.456566","55","genus","Alangium"
"genus","Albizia","Fabaceae","0.232417","0.807508","144.4","genus","Albizia"
"genus","Alchornea","Euphorbiaceae","0.277413","0.791441","75.3","genus","Alchornea"
"genus","Alectryon","Sapindaceae","0.402324","0.640163","141.2","family","Sapindaceae"
"genus","Aleurites","Euphorbiaceae","0.345755","0.614096","117","family","Euphorbiaceae"
"genus","Alexa","Fabaceae","0.35056","0.703454","246.4","family","Fabaceae"
"genus","Alibertia","Rubiaceae","0.418989","0.548977","112","family","Rubiaceae"
"genus","Allanblackia","Clusiaceae","0.338095","0.675771","77.4","family","Clusiaceae"
"genus","Allantoma","Lecythidaceae","0.438676","0.596827","186.2","family","Lecythidaceae"
"genus","Allocasuarina","Casuarinaceae","0.347503","0.646075","385","division","Angiosperm"
"genus","Allomorphia","Melastomataceae","0.510018","0.547054","49.7","family","Melastomataceae"
"genus","Allophylus","Sapindaceae","0.463079","0.618368","70.1","genus","Allophylus"
"genus","Alloxylon","Proteaceae","0.237798","0.80052","88","family","Proteaceae"
"genus","Alluaudia","Didiereaceae","0.347503","0.646075","385","division","Angiosperm"
"genus","Alniphyllum","Styracaceae","0.348465","0.562118","75.5","genus","Alniphyllum"
"genus","Alnus","Betulaceae","0.586568","0.50436","81","genus","Alnus"
"genus","Alphitonia","Rhamnaceae","0.628407","0.52228","55.4","family","Rhamnaceae"
"genus","Alphonsea","Annonaceae","0.405113","0.484809","32.6","genus","Alphonsea"
"genus","Alseis","Rubiaceae","0.321139","0.648296","91.1","genus","Alseis"
"genus","Alseodaphne","Lauraceae","0.225507","0.696244","47.2","genus","Alseodaphne"
"genus","Alstonia","Apocynaceae","0.266984","0.69329","130","genus","Alstonia"
"genus","Alternanthera","Amaranthaceae","0.347503","0.646075","385","division","Angiosperm"
"genus","Altingia","Altingiaceae","0.288878","0.599167","72.3","genus","Altingia"
"genus","Alvaradoa","Picramniaceae","0.347503","0.646075","385","division","Angiosperm"
"genus","Alzatea","Alzateaceae","0.347503","0.646075","385","division","Angiosperm"
"genus","Amaioua","Rubiaceae","0.418989","0.548977","112","family","Rubiaceae"
"genus","Ambelania","Apocynaceae","0.329077","0.659122","186.2","family","Apocynaceae"
"genus","Amblygonocarpus","Fabaceae","0.35056","0.703454","246.4","family","Fabaceae"
"genus","Amburana","Fabaceae","0.35056","0.703454","246.4","family","Fabaceae"
"genus","Amelanchier","Rosaceae","0.439641","0.553616","100","family","Rosaceae"
"genus","Amesiodendron","Sapindaceae","0.285963","0.631538","33.8","genus","Amesiodendron"
"genus","Ampelocera","Ulmaceae","0.608196","0.662958","63.7","genus","Ampelocera"
"genus","Amphimas","Fabaceae","0.35056","0.703454","246.4","family","Fabaceae"
"genus","Amphipterygium","Anacardiaceae","0.312881","0.679159","197.5","family","Anacardiaceae"
"genus","Amyris","Rutaceae","0.336044","0.604387","120","family","Rutaceae"
"genus","Anacardium","Anacardiaceae","0.099368","0.958533","197.5","genus","Anacardium"
"genus","Anacolosa","Olacaceae","0.50961","0.592203","103","family","Olacaceae"
"genus","Anaxagorea","Annonaceae","0.485385","0.567258","126","family","Annonaceae"
"genus","Andira","Fabaceae","0.35056","0.703454","246.4","family","Fabaceae"
"genus","Angophora","Myrtaceae","0.370999","0.569338","385","family","Myrtaceae"
"genus","Angylocalyx","Fabaceae","0.232117","0.797567","70.2","genus","Angylocalyx"
"genus","Aniba","Lauraceae","0.495826","0.494061","195","family","Lauraceae"
"genus","Anisophyllea","Anisophylleaceae","0.347503","0.646075","385","division","Angiosperm"
"genus","Anisoptera","Dipterocarpaceae","0.223378","0.774201","212","family","Dipterocarpaceae"
"genus","Anneslea","Pentaphylacaceae","0.337754","0.572801","112","family","Pentaphylacaceae"
"genus","Annickia","Annonaceae","0.485385","0.567258","126","family","Annonaceae"
"genus","Annona","Annonaceae","0.516802","0.630052","35.7","genus","Annona"
"genus","Anogeissus","Combretaceae","0.352803","0.687025","191","family","Combretaceae"
"genus","Anonidium","Annonaceae","0.263405","0.738719","66.6","genus","Anonidium"
"genus","Anopyxis","Rhizophoraceae","0.386698","0.68497","113.4","family","Rhizophoraceae"
"genus","Anthocarpa","Meliaceae","0.470551","0.57892","280.3","family","Meliaceae"
"genus","Anthocleista","Gentianaceae","0.317061","0.676834","66.2","family","Gentianaceae"
"genus","Anthodiscus","Caryocaraceae","0.530185","0.591919","164","family","Caryocaraceae"
"genus","Anthonotha","Fabaceae","0.35056","0.703454","246.4","family","Fabaceae"
"genus","Anthostema","Euphorbiaceae","0.345755","0.614096","117","family","Euphorbiaceae"
"genus","Antiaris","Moraceae","0.34763","0.654914","217.7","family","Moraceae"
"genus","Antidesma","Phyllanthaceae","0.503707","0.490227","41.5","genus","Antidesma"
"genus","Antirhea","Rubiaceae","0.35401","0.532748","24.4","genus","Antirhea"
"genus","Antrocaryon","Anacardiaceae","0.312881","0.679159","197.5","family","Anacardiaceae"
"genus","Aoranthe","Rubiaceae","0.418989","0.548977","112","family","Rubiaceae"
"genus","Apeiba","Malvaceae","0.379566","0.65228","114.3","genus","Apeiba"
"genus","Aphanamixis","Meliaceae","0.488135","0.408543","25","genus","Aphanamixis"
"genus","Aphananthe","Cannabaceae","0.298359","0.681664","180","family","Cannabaceae"
"genus","Aphelandra","Acanthaceae","0.323693","0.590213","103.3","family","Acanthaceae"
"genus","Aphloia","Aphloiaceae","0.347503","0.646075","385","division","Angiosperm"
"genus","Apodytes","Metteniusaceae","0.333547","0.553","38.2","genus","Apodytes"
"genus","Apoplanesia","Fabaceae","0.498949","0.58209","30.2","genus","Apoplanesia"
"genus","Aporosa","Phyllanthaceae","0.386468","0.504946","60.8","genus","Aporosa"
"genus","Apuleia","Fabaceae","0.35056","0.703454","246.4","family","Fabaceae"
"genus","Aquilaria","Thymelaeaceae","0.283913","0.673537","26.6","genus","Aquilaria"
"genus","Aralia","Araliaceae","0.221779","0.730318","138.1","family","Araliaceae"
"genus","Araucaria","Araucariaceae","0.228162","0.708135","770","division","Gymnosperm"
"genus","Arbutus","Ericaceae","0.570745","0.4646","149","family","Ericaceae"
"genus","Archidendron","Fabaceae","0.235271","0.811018","83.6","genus","Archidendron"
"genus","Arctostaphylos","Ericaceae","0.570745","0.4646","149","family","Ericaceae"
"genus","Ardisia","Primulaceae","0.458801","0.387489","65.5","genus","Ardisia"
"genus","Areca","Arecaceae","0.347503","0.646075","385","division","Angiosperm"
"genus","Argyrodendron","Malvaceae","0.33858","0.656564","247.7","family","Malvaceae"
"genus","Aristotelia","Elaeocarpaceae","0.303363","0.67034","124.7","family","Elaeocarpaceae"
"genus","Artabotrys","Annonaceae","0.485385","0.567258","126","family","Annonaceae"
"genus","Artemisia","Asteraceae","0.347503","0.646075","385","division","Angiosperm"
"genus","Artocarpus","Moraceae","0.323382","0.609864","53","genus","Artocarpus"
"genus","Arytera","Sapindaceae","0.223559","0.746868","31","genus","Arytera"
"genus","Asimina","Annonaceae","0.485385","0.567258","126","family","Annonaceae"
"genus","Aspidosperma","Apocynaceae","0.430772","0.584785","178.9","genus","Aspidosperma"
"genus","Astrocasia","Phyllanthaceae","0.257811","0.775491","111.5","family","Phyllanthaceae"
"genus","Astronium","Anacardiaceae","0.284375","0.712476","110.5","genus","Astronium"
"genus","Atalantia","Rutaceae","0.336044","0.604387","120","family","Rutaceae"
"genus","Atalaya","Sapindaceae","0.402324","0.640163","141.2","family","Sapindaceae"
"genus","Atherosperma","Atherospermataceae","0.347503","0.646075","385","division","Angiosperm"
"genus","Atractocarpus","Rubiaceae","0.418989","0.548977","112","family","Rubiaceae"
"genus","Attilaea","Anacardiaceae","0.312881","0.679159","197.5","family","Anacardiaceae"
"genus","Atuna","Chrysobalanaceae","0.490113","0.601551","99.9","family","Chrysobalanaceae"
"genus","Aubrevillea","Fabaceae","0.35056","0.703454","246.4","family","Fabaceae"
"genus","Aucoumea","Burseraceae","0.263503","0.716147","150.6","family","Burseraceae"
"genus","Aulacocalyx","Rubiaceae","0.418989","0.548977","112","family","Rubiaceae"
"genus","Auranticarpa","Pittosporaceae","0.206113","0.848246","27.6","family","Pittosporaceae"
"genus","Austrobuxus","Picrodendraceae","0.347503","0.646075","385","division","Angiosperm"
"genus","Austromuellera","Proteaceae","0.237798","0.80052","88","family","Proteaceae"
"genus","Austrosteenisia","Fabaceae","0.35056","0.703454","246.4","family","Fabaceae"
"genus","Autranella","Sapotaceae","0.412551","0.592546","180","family","Sapotaceae"
"genus","Avicennia","Acanthaceae","0.319725","0.594082","103.3","genus","Avicennia"
"genus","Axinaea","Melastomataceae","0.510018","0.547054","49.7","family","Melastomataceae"
"genus","Azadirachta","Meliaceae","0.470551","0.57892","280.3","family","Meliaceae"
"genus","Azanza","Malvaceae","0.33858","0.656564","247.7","family","Malvaceae"
"genus","Baccaurea","Phyllanthaceae","0.455221","0.569962","44.6","genus","Baccaurea"
"genus","Backhousia","Myrtaceae","0.370999","0.569338","385","family","Myrtaceae"
"genus","Bagassa","Moraceae","0.34763","0.654914","217.7","family","Moraceae"
"genus","Baikiaea","Fabaceae","0.167783","0.921436","58.9","genus","Baikiaea"
"genus","Baillonella","Sapotaceae","0.412551","0.592546","180","family","Sapotaceae"
"genus","Bakeridesia","Malvaceae","0.33858","0.656564","247.7","family","Malvaceae"
"genus","Balanites","Zygophyllaceae","0.155365","0.83856","170.8","genus","Balanites"
"genus","Balanops","Balanopaceae","0.347503","0.646075","385","division","Angiosperm"
"genus","Baloghia","Euphorbiaceae","0.345755","0.614096","117","family","Euphorbiaceae"
"genus","Banara","Salicaceae","0.362303","0.615443","103.5","family","Salicaceae"
"genus","Banksia","Proteaceae","0.237798","0.80052","88","family","Proteaceae"
"genus","Baphia","Fabaceae","0.392333","0.683359","45.6","genus","Baphia"
"genus","Barnebydendron","Fabaceae","0.35056","0.703454","246.4","family","Fabaceae"
"genus","Barongia","Myrtaceae","0.370999","0.569338","385","family","Myrtaceae"
"genus","Barringtonia","Lecythidaceae","0.495737","0.522473","71.3","genus","Barringtonia"
"genus","Barteria","Passifloraceae","0.479259","0.588435","34","family","Passifloraceae"
"genus","Batesia","Fabaceae","0.35056","0.703454","246.4","family","Fabaceae"
"genus","Bauhinia","Fabaceae","0.41163","0.647356","52.4","genus","Bauhinia"
"genus","Beaucarnea","Asparagaceae","0.381198","0.566072","82.2","family","Asparagaceae"
"genus","Beccariella","Sapotaceae","0.412551","0.592546","180","family","Sapotaceae"
"genus","Bedfordia","Asteraceae","0.347503","0.646075","385","division","Angiosperm"
"genus","Beilschmiedia","Lauraceae","0.316479","0.670295","104.5","genus","Beilschmiedia"
"genus","Bejaria","Ericaceae","0.570745","0.4646","149","family","Ericaceae"
"genus","Bellucia","Melastomataceae","0.510018","0.547054","49.7","family","Melastomataceae"
"genus","Benkara","Rubiaceae","0.418989","0.548977","112","family","Rubiaceae"
"genus","Berberis","Berberidaceae","0.347503","0.646075","385","division","Angiosperm"
"genus","Berlinia","Fabaceae","0.35056","0.703454","246.4","family","Fabaceae"
"genus","Bernardia","Euphorbiaceae","0.345755","0.614096","117","family","Euphorbiaceae"
"genus","Bernoullia","Malvaceae","0.33858","0.656564","247.7","family","Malvaceae"
"genus","Berrya","Malvaceae","0.33858","0.656564","247.7","family","Malvaceae"
"genus","Bersama","Francoaceae","0.347503","0.646075","385","division","Angiosperm"
"genus","Bertholletia","Lecythidaceae","1.12482","0.433869","186.2","genus","Bertholletia"
"genus","Betula","Betulaceae","0.322666","0.69159","84","genus","Betula"
"genus","Bhesa","Centroplacaceae","0.347503","0.646075","385","division","Angiosperm"
"genus","Bikinia","Fabaceae","0.35056","0.703454","246.4","family","Fabaceae"
"genus","Bischofia","Phyllanthaceae","0.257811","0.775491","111.5","family","Phyllanthaceae"
"genus","Bixa","Bixaceae","0.182015","0.673584","40.5","family","Bixaceae"
"genus","Blachia","Euphorbiaceae","0.345755","0.614096","117","family","Euphorbiaceae"
"genus","Blepharistemma","Rhizophoraceae","0.386698","0.68497","113.4","family","Rhizophoraceae"
"genus","Blepharocarya","Anacardiaceae","0.312881","0.679159","197.5","family","Anacardiaceae"
"genus","Blighia","Sapindaceae","0.508945","0.557312","141.2","genus","Blighia"
"genus","Blumeodendron","Euphorbiaceae","0.478994","0.553682","68.8","genus","Blumeodendron"
"genus","Bobgunnia","Fabaceae","0.35056","0.703454","246.4","family","Fabaceae"
"genus","Bocageopsis","Annonaceae","0.485385","0.567258","126","family","Annonaceae"
"genus","Bocoa","Fabaceae","0.35056","0.703454","246.4","family","Fabaceae"
"genus","Boehmeria","Urticaceae","0.264232","0.788163","105.1","family","Urticaceae"
"genus","Bombax","Malvaceae","0.33858","0.656564","247.7","family","Malvaceae"
"genus","Bonellia","Primulaceae","0.396453","0.533411","65.5","family","Primulaceae"
"genus","Boscia","Capparaceae","0.441342","0.428749","31.5","genus","Boscia"
"genus","Boswellia","Burseraceae","0.263503","0.716147","150.6","family","Burseraceae"
"genus","Bouea","Anacardiaceae","0.404465","0.712403","30","genus","Bouea"
"genus","Bourreria","Boraginaceae","0.425924","0.564563","106.3","family","Boraginaceae"
"genus","Bowdichia","Fabaceae","0.35056","0.703454","246.4","family","Fabaceae"
"genus","Brachychiton","Malvaceae","0.597754","0.449408","26","genus","Brachychiton"
"genus","Brachyglottis","Asteraceae","0.347503","0.646075","385","division","Angiosperm"
"genus","Brachystegia","Fabaceae","0.244885","0.895854","83","genus","Brachystegia"
"genus","Brackenridgea","Ochnaceae","0.299755","0.719512","114.7","family","Ochnaceae"
"genus","Brenania","Rubiaceae","0.418989","0.548977","112","family","Rubiaceae"
"genus","Breynia","Phyllanthaceae","0.257811","0.775491","111.5","family","Phyllanthaceae"
"genus","Bridelia","Phyllanthaceae","0.239659","0.717598","40.2","genus","Bridelia"
"genus","Brochoneura","Myristicaceae","0.454828","0.613182","136.8","family","Myristicaceae"
"genus","Brongniartia","Fabaceae","0.35056","0.703454","246.4","family","Fabaceae"
"genus","Brosimum","Moraceae","0.47505","0.612112","132","genus","Brosimum"
"genus","Broussonetia","Moraceae","0.34763","0.654914","217.7","family","Moraceae"
"genus","Brownlowia","Malvaceae","0.33858","0.656564","247.7","family","Malvaceae"
"genus","Brucea","Simaroubaceae","0.386634","0.616087","78.9","family","Simaroubaceae"
"genus","Brunellia","Brunelliaceae","0.347503","0.646075","385","division","Angiosperm"
"genus","Buchanania","Anacardiaceae","0.344089","0.623867","30.2","genus","Buchanania"
"genus","Buchenavia","Combretaceae","0.352803","0.687025","191","family","Combretaceae"
"genus","Bucida","Combretaceae","0.542017","0.630413","43","genus","Bucida"
"genus","Buckinghamia","Proteaceae","0.237798","0.80052","88","family","Proteaceae"
"genus","Bunchosia","Malpighiaceae","0.494214","0.533879","46","family","Malpighiaceae"
"genus","Burkea","Fabaceae","0.177249","0.908388","70","genus","Burkea"
"genus","Bursera","Burseraceae","0.169575","0.812817","61.5","genus","Bursera"
"genus","Buxus","Buxaceae","0.347503","0.646075","385","division","Angiosperm"
"genus","Byrsonima","Malpighiaceae","0.54142","0.477642","46","genus","Byrsonima"
"genus","Caesalpinia","Fabaceae","0.35056","0.703454","246.4","family","Fabaceae"
"genus","Caldcluvia","Cunoniaceae","0.360003","0.728754","80.5","family","Cunoniaceae"
"genus","Callerya","Fabaceae","0.35056","0.703454","246.4","family","Fabaceae"
"genus","Calliandra","Fabaceae","0.35056","0.703454","246.4","family","Fabaceae"
"genus","Callicarpa","Lamiaceae","0.344655","0.61105","77.5","family","Lamiaceae"
"genus","Callicoma","Cunoniaceae","0.360003","0.728754","80.5","family","Cunoniaceae"
"genus","Callitris","Cupressaceae","0.385224","0.556493","770","family","Cupressaceae"
"genus","Calocedrus","Cupressaceae","0.385224","0.556493","770","family","Cupressaceae"
"genus","Calophyllum","Calophyllaceae","0.4385","0.651666","129.9","genus","Calophyllum"
"genus","Calpocalyx","Fabaceae","0.35056","0.703454","246.4","family","Fabaceae"
"genus","Calycanthus","Calycanthaceae","0.347503","0.646075","385","division","Angiosperm"
"genus","Calycophyllum","Rubiaceae","0.418989","0.548977","112","family","Rubiaceae"
"genus","Calyptranthes","Myrtaceae","0.370999","0.569338","385","family","Myrtaceae"
"genus","Calytrix","Myrtaceae","0.370999","0.569338","385","family","Myrtaceae"
"genus","Camellia","Theaceae","0.339345","0.639067","51","genus","Camellia"
"genus","Campnosperma","Anacardiaceae","0.412732","0.5957","35","genus","Campnosperma"
"genus","Cananga","Annonaceae","0.485385","0.567258","126","family","Annonaceae"
"genus","Canarium","Burseraceae","0.232949","0.67007","83.2","genus","Canarium"
"genus","Canthium","Rubiaceae","0.277158","0.658124","29.5","genus","Canthium"
"genus","Capirona","Rubiaceae","0.418989","0.548977","112","family","Rubiaceae"
"genus","Capparis","Capparaceae","0.542657","0.432976","33.3","family","Capparaceae"
"genus","Caraipa","Calophyllaceae","0.429355","0.665366","163","family","Calophyllaceae"
"genus","Carallia","Rhizophoraceae","0.320511","0.684974","49.2","genus","Carallia"
"genus","Carapa","Meliaceae","0.32303","0.692249","76.5","genus","Carapa"
"genus","Cardwellia","Proteaceae","0.237798","0.80052","88","family","Proteaceae"
"genus","Careya","Lecythidaceae","0.438676","0.596827","186.2","family","Lecythidaceae"
"genus","Carica","Caricaceae","0.32757","0.54408","81.8","family","Caricaceae"
"genus","Carnarvonia","Proteaceae","0.237798","0.80052","88","family","Proteaceae"
"genus","Carpinus","Betulaceae","0.441053","0.664442","145","genus","Carpinus"
"genus","Carpodetus","Rousseaceae","0.347503","0.646075","385","division","Angiosperm"
"genus","Carya","Juglandaceae","0.570032","0.586412","72.6","genus","Carya"
"genus","Caryocar","Caryocaraceae","0.532622","0.585652","164","genus","Caryocar"
"genus","Caryodaphnopsis","Lauraceae","0.495826","0.494061","195","family","Lauraceae"
"genus","Caryota","Arecaceae","0.347503","0.646075","385","division","Angiosperm"
"genus","Cascabela","Apocynaceae","0.329077","0.659122","186.2","family","Apocynaceae"
"genus","Casearia","Salicaceae","0.420639","0.575161","100","genus","Casearia"
"genus","Casimiroa","Rutaceae","0.336044","0.604387","120","family","Rutaceae"
"genus","Cassia","Fabaceae","0.35056","0.703454","246.4","family","Fabaceae"
"genus","Cassine","Celastraceae","0.376232","0.66231","101.6","family","Celastraceae"
"genus","Cassipourea","Rhizophoraceae","0.386698","0.68497","113.4","family","Rhizophoraceae"
"genus","Castanea","Fagaceae","0.405584","0.596132","222.9","genus","Castanea"
"genus","Castanopsis","Fagaceae","0.270494","0.683519","68.1","genus","Castanopsis"
"genus","Castanospermum","Fabaceae","0.35056","0.703454","246.4","family","Fabaceae"
"genus","Castanospora","Sapindaceae","0.402324","0.640163","141.2","family","Sapindaceae"
"genus","Castela","Simaroubaceae","0.386634","0.616087","78.9","family","Simaroubaceae"
"genus","Castilla","Moraceae","0.34763","0.654914","217.7","family","Moraceae"
"genus","Casuarina","Casuarinaceae","0.347503","0.646075","385","division","Angiosperm"
"genus","Catalepidia","Proteaceae","0.237798","0.80052","88","family","Proteaceae"
"genus","Catunaregam","Rubiaceae","0.418989","0.548977","112","family","Rubiaceae"
"genus","Cavanillesia","Malvaceae","0.33858","0.656564","247.7","family","Malvaceae"
"genus","Ceanothus","Rhamnaceae","0.628407","0.52228","55.4","family","Rhamnaceae"
"genus","Cecropia","Urticaceae","0.213779","0.840077","65","genus","Cecropia"
"genus","Cedrela","Meliaceae","0.470551","0.57892","280.3","family","Meliaceae"
"genus","Cedrelinga","Fabaceae","0.35056","0.703454","246.4","family","Fabaceae"
"genus","Cedrelopsis","Rutaceae","0.336044","0.604387","120","family","Rutaceae"
"genus","Cedrus","Pinaceae","0.222542","0.715395","152.9","family","Pinaceae"
"genus","Ceiba","Malvaceae","0.129259","0.923943","230","genus","Ceiba"
"genus","Celosia","Amaranthaceae","0.347503","0.646075","385","division","Angiosperm"
"genus","Celtis","Cannabaceae","0.258322","0.788285","101","genus","Celtis"
"genus","Centroplacus","Centroplacaceae","0.347503","0.646075","385","division","Angiosperm"
"genus","Cephalanthus","Rubiaceae","0.418989","0.548977","112","family","Rubiaceae"
"genus","Cephalotaxus","Taxaceae","0.228162","0.708135","770","division","Gymnosperm"
"genus","Cerasus","Rosaceae","0.439641","0.553616","100","family","Rosaceae"
"genus","Ceratopetalum","Cunoniaceae","0.360003","0.728754","80.5","family","Cunoniaceae"
"genus","Cerbera","Apocynaceae","0.329077","0.659122","186.2","family","Apocynaceae"
"genus","Cercis","Fabaceae","0.512883","0.646219","32.6","genus","Cercis"
"genus","Cercocarpus","Rosaceae","0.439641","0.553616","100","family","Rosaceae"
"genus","Chaenomeles","Rosaceae","0.439641","0.553616","100","family","Rosaceae"
"genus","Chaetocarpus","Euphorbiaceae","0.345755","0.614096","117","family","Euphorbiaceae"
"genus","Chamaecrista","Fabaceae","0.35056","0.703454","246.4","family","Fabaceae"
"genus","Chamaecyparis","Cupressaceae","0.512911","0.372226","48.9","genus","Chamaecyparis"
"genus","Champereia","Opiliaceae","0.347503","0.646075","385","division","Angiosperm"
"genus","Chassalia","Rubiaceae","0.418989","0.548977","112","family","Rubiaceae"
"genus","Cheiloclinium","Celastraceae","0.376232","0.66231","101.6","family","Celastraceae"
"genus","Cheirodendron","Araliaceae","0.221779","0.730318","138.1","family","Araliaceae"
"genus","Chengiopanax","Araliaceae","0.43361","0.610758","38.4","genus","Chengiopanax"
"genus","Chieniodendron","Annonaceae","0.485385","0.567258","126","family","Annonaceae"
"genus","Chimarrhis","Rubiaceae","0.418989","0.548977","112","family","Rubiaceae"
"genus","Chiococca","Rubiaceae","0.418989","0.548977","112","family","Rubiaceae"
"genus","Chionanthus","Oleaceae","0.434973","0.545344","88.8","family","Oleaceae"
"genus","Chisocheton","Meliaceae","0.565873","0.428366","53.1","genus","Chisocheton"
"genus","Chloroleucon","Fabaceae","0.39907","0.638435","38.4","genus","Chloroleucon"
"genus","Chloroxylon","Rutaceae","0.336044","0.604387","120","family","Rutaceae"
"genus","Choerospondias","Anacardiaceae","0.283586","0.669285","170","genus","Choerospondias"
"genus","Choriceras","Picrodendraceae","0.347503","0.646075","385","division","Angiosperm"
"genus","Choristylis","Iteaceae","0.347503","0.646075","385","division","Angiosperm"
"genus","Chrysophyllum","Sapotaceae","0.480119","0.626325","94.7","genus","Chrysophyllum"
"genus","Chukrasia","Meliaceae","0.470551","0.57892","280.3","family","Meliaceae"
"genus","Chunia","Hamamelidaceae","0.965173","0.387314","44","family","Hamamelidaceae"
"genus","Chytranthus","Sapindaceae","0.402324","0.640163","141.2","family","Sapindaceae"
"genus","Cinchona","Rubiaceae","0.418989","0.548977","112","family","Rubiaceae"
"genus","Cinnamomum","Lauraceae","0.341301","0.554906","94.6","genus","Cinnamomum"
"genus","Cipadessa","Meliaceae","0.470551","0.57892","280.3","family","Meliaceae"
"genus","Cissus","Vitaceae","0.347503","0.646075","385","division","Angiosperm"
"genus","Citharexylum","Verbenaceae","0.347503","0.646075","385","division","Angiosperm"
"genus","Citronella","Cardiopteridaceae","0.416676","0.508211","38","family","Cardiopteridaceae"
"genus","Citrus","Rutaceae","0.336044","0.604387","120","family","Rutaceae"
"genus","Cladrastis","Fabaceae","0.35056","0.703454","246.4","family","Fabaceae"
"genus","Claoxylon","Euphorbiaceae","0.345755","0.614096","117","family","Euphorbiaceae"
"genus","Clarisia","Moraceae","0.378151","0.682947","64.9","genus","Clarisia"
"genus","Clausena","Rutaceae","0.173447","0.920261","51.9","genus","Clausena"
"genus","Cleidion","Euphorbiaceae","0.345755","0.614096","117","family","Euphorbiaceae"
"genus","Cleistanthus","Phyllanthaceae","0.261589","0.833149","80","genus","Cleistanthus"
"genus","Cleistopholis","Annonaceae","0.485385","0.567258","126","family","Annonaceae"
"genus","Clermontia","Campanulaceae","0.347503","0.646075","385","division","Angiosperm"
"genus","Clerodendrum","Lamiaceae","0.344655","0.61105","77.5","family","Lamiaceae"
"genus","Clethra","Clethraceae","0.465686","0.631036","59.4","genus","Clethra"
"genus","Cleyera","Pentaphylacaceae","0.548155","0.471061","36.3","genus","Cleyera"
"genus","Clitoria","Fabaceae","0.35056","0.703454","246.4","family","Fabaceae"
"genus","Clusia","Clusiaceae","1.72416","0.344191","65","genus","Clusia"
"genus","Cnesmocarpon","Sapindaceae","0.402324","0.640163","141.2","family","Sapindaceae"
"genus","Cnidoscolus","Euphorbiaceae","0.345755","0.614096","117","family","Euphorbiaceae"
"genus","Coccoloba","Polygonaceae","0.347503","0.646075","385","division","Angiosperm"
"genus","Cocculus","Menispermaceae","0.347503","0.646075","385","division","Angiosperm"
"genus","Cochlospermum","Bixaceae","0.219321","0.563413","40.5","genus","Cochlospermum"
"genus","Cocos","Arecaceae","0.347503","0.646075","385","division","Angiosperm"
"genus","Codonocarpus","Gyrostemonaceae","0.347503","0.646075","385","division","Angiosperm"
"genus","Coelocaryon","Myristicaceae","0.317865","0.658966","95","genus","Coelocaryon"
"genus","Coelospermum","Rubiaceae","0.418989","0.548977","112","family","Rubiaceae"
"genus","Coelostegia","Malvaceae","0.33858","0.656564","247.7","family","Malvaceae"
"genus","Coffea","Rubiaceae","0.418989","0.548977","112","family","Rubiaceae"
"genus","Cojoba","Fabaceae","0.35056","0.703454","246.4","family","Fabaceae"
"genus","Cola","Malvaceae","0.11173","0.987784","66.6","genus","Cola"
"genus","Colophospermum","Fabaceae","0.357531","0.631457","52.2","genus","Colophospermum"
"genus","Colubrina","Rhamnaceae","0.552745","0.462245","25.4","genus","Colubrina"
"genus","Combretum","Combretaceae","0.32458","0.758755","59.7","genus","Combretum"
"genus","Commersonia","Malvaceae","0.33858","0.656564","247.7","family","Malvaceae"
"genus","Commiphora","Burseraceae","0.263503","0.716147","150.6","family","Burseraceae"
"genus","Comocladia","Anacardiaceae","0.312881","0.679159","197.5","family","Anacardiaceae"
"genus","Compsoneura","Myristicaceae","0.454828","0.613182","136.8","family","Myristicaceae"
"genus","Connarus","Connaraceae","0.322748","0.585382","37.3","family","Connaraceae"
"genus","Conostegia","Melastomataceae","0.510018","0.547054","49.7","family","Melastomataceae"
"genus","Copaifera","Fabaceae","0.28132","0.767908","142.3","genus","Copaifera"
"genus","Coprosma","Rubiaceae","0.418989","0.548977","112","family","Rubiaceae"
"genus","Cordia","Boraginaceae","0.46234","0.544282","106.3","genus","Cordia"
"genus","Cordyline","Asparagaceae","0.381198","0.566072","82.2","family","Asparagaceae"
"genus","Coriaria","Coriariaceae","0.347503","0.646075","385","division","Angiosperm"
"genus","Cornus","Cornaceae","0.265355","0.90961","26.7","genus","Cornus"
"genus","Cornutia","Lamiaceae","0.344655","0.61105","77.5","family","Lamiaceae"
"genus","Corylopsis","Hamamelidaceae","0.965173","0.387314","44","family","Hamamelidaceae"
"genus","Corylus","Betulaceae","0.701499","0.620829","24.7","genus","Corylus"
"genus","Corymbia","Myrtaceae","0.529207","0.479755","45","genus","Corymbia"
"genus","Corynanthe","Rubiaceae","0.418989","0.548977","112","family","Rubiaceae"
"genus","Corynocarpus","Corynocarpaceae","0.347503","0.646075","385","division","Angiosperm"
"genus","Cosmocalyx","Rubiaceae","0.18285","0.837647","27","genus","Cosmocalyx"
"genus","Cotylelobium","Dipterocarpaceae","0.223378","0.774201","212","family","Dipterocarpaceae"
"genus","Couepia","Chrysobalanaceae","0.490113","0.601551","99.9","family","Chrysobalanaceae"
"genus","Coula","Olacaceae","0.50961","0.592203","103","family","Olacaceae"
"genus","Coulteria","Fabaceae","0.35056","0.703454","246.4","family","Fabaceae"
"genus","Couma","Apocynaceae","0.329077","0.659122","186.2","family","Apocynaceae"
"genus","Couratari","Lecythidaceae","0.219919","0.78814","142.8","genus","Couratari"
"genus","Coussapoa","Urticaceae","0.264232","0.788163","105.1","family","Urticaceae"
"genus","Coussarea","Rubiaceae","0.418989","0.548977","112","family","Rubiaceae"
"genus","Crataegus","Rosaceae","0.316491","0.530599","39","genus","Crataegus"
"genus","Crateva","Capparaceae","0.542657","0.432976","33.3","family","Capparaceae"
"genus","Cratoxylum","Hypericaceae","0.287564","0.59164","40.4","genus","Cratoxylum"
"genus","Crepidospermum","Burseraceae","0.263503","0.716147","150.6","family","Burseraceae"
"genus","Crossopetalum","Celastraceae","0.376232","0.66231","101.6","family","Celastraceae"
"genus","Crossopteryx","Rubiaceae","0.418989","0.548977","112","family","Rubiaceae"
"genus","Croton","Euphorbiaceae","0.356897","0.615718","76.5","genus","Croton"
"genus","Crudia","Fabaceae","0.35056","0.703454","246.4","family","Fabaceae"
"genus","Crypteronia","Crypteroniaceae","0.347503","0.646075","385","division","Angiosperm"
"genus","Cryptocarya","Lauraceae","0.328875","0.596929","106","genus","Cryptocarya"
"genus","Cryptomeria","Cupressaceae","0.385224","0.556493","770","family","Cupressaceae"
"genus","Ctenolophon","Ctenolophonaceae","0.576643","0.566695","184","genus","Ctenolophon"
"genus","Cudrania","Moraceae","0.34763","0.654914","217.7","family","Moraceae"
"genus","Cunninghamia","Cupressaceae","0.196777","0.777391","27.7","genus","Cunninghamia"
"genus","Cupania","Sapindaceae","0.402324","0.640163","141.2","family","Sapindaceae"
"genus","Cupaniopsis","Sapindaceae","0.402324","0.640163","141.2","family","Sapindaceae"
"genus","Cupressus","Cupressaceae","0.348437","0.656711","54.5","genus","Cupressus"
"genus","Curatella","Dilleniaceae","0.41531","0.507868","66","family","Dilleniaceae"
"genus","Cussonia","Araliaceae","0.221779","0.730318","138.1","family","Araliaceae"
"genus","Cyathocalyx","Annonaceae","0.485385","0.567258","126","family","Annonaceae"
"genus","Cyclophyllum","Rubiaceae","0.418989","0.548977","112","family","Rubiaceae"
"genus","Cylicodiscus","Fabaceae","0.35056","0.703454","246.4","family","Fabaceae"
"genus","Cymbopetalum","Annonaceae","0.515788","0.648479","35","genus","Cymbopetalum"
"genus","Cynometra","Fabaceae","0.35056","0.703454","246.4","family","Fabaceae"
"genus","Cynophalla","Capparaceae","0.542657","0.432976","33.3","family","Capparaceae"
"genus","Cyrilla","Cyrillaceae","0.347503","0.646075","385","division","Angiosperm"
"genus","Cyrtocarpa","Anacardiaceae","0.312881","0.679159","197.5","family","Anacardiaceae"
"genus","Cyrtogonone","Euphorbiaceae","0.345755","0.614096","117","family","Euphorbiaceae"
"genus","Dacrycarpus","Podocarpaceae","0.279613","0.640968","157.4","genus","Dacrycarpus"
"genus","Dacrydium","Podocarpaceae","0.354337","0.589874","224","genus","Dacrydium"
"genus","Dacryodes","Burseraceae","0.395422","0.663833","93.6","genus","Dacryodes"
"genus","Dactylocladus","Crypteroniaceae","0.347503","0.646075","385","division","Angiosperm"
"genus","Dahlia","Asteraceae","0.347503","0.646075","385","division","Angiosperm"
"genus","Dalbergia","Fabaceae","0.361285","0.573734","75.9","genus","Dalbergia"
"genus","Dalbergiella","Fabaceae","0.35056","0.703454","246.4","family","Fabaceae"
"genus","Damburneya","Lauraceae","0.273566","0.809071","70","genus","Damburneya"
"genus","Daniellia","Fabaceae","0.35056","0.703454","246.4","family","Fabaceae"
"genus","Daphnandra","Atherospermataceae","0.347503","0.646075","385","division","Angiosperm"
"genus","Daphniphyllum","Daphniphyllaceae","0.347285","0.628183","34.4","genus","Daphniphyllum"
"genus","Darlingia","Proteaceae","0.237798","0.80052","88","family","Proteaceae"
"genus","Dasymaschalon","Annonaceae","0.485385","0.567258","126","family","Annonaceae"
"genus","Davidsonia","Cunoniaceae","0.360003","0.728754","80.5","family","Cunoniaceae"
"genus","Daviesia","Fabaceae","0.35056","0.703454","246.4","family","Fabaceae"
"genus","Davilla","Dilleniaceae","0.41531","0.507868","66","family","Dilleniaceae"
"genus","Decaspermum","Myrtaceae","0.269468","0.660551","35.9","genus","Decaspermum"
"genus","Dehaasia","Lauraceae","0.495826","0.494061","195","family","Lauraceae"
"genus","Delonix","Fabaceae","0.35056","0.703454","246.4","family","Fabaceae"
"genus","Dendrocnide","Urticaceae","0.308755","0.68517","27","genus","Dendrocnide"
"genus","Dendrokingstonia","Annonaceae","0.485385","0.567258","126","family","Annonaceae"
"genus","Dendrolobium","Fabaceae","0.35056","0.703454","246.4","family","Fabaceae"
"genus","Dendropanax","Araliaceae","0.363437","0.681877","73","genus","Dendropanax"
"genus","Dendrosenecio","Asteraceae","0.347503","0.646075","385","division","Angiosperm"
"genus","Denhamia","Celastraceae","0.376232","0.66231","101.6","family","Celastraceae"
"genus","Desbordesia","Irvingiaceae","0.225071","0.834102","174","family","Irvingiaceae"
"genus","Desmopsis","Annonaceae","0.485385","0.567258","126","family","Annonaceae"
"genus","Desmos","Annonaceae","0.485385","0.567258","126","family","Annonaceae"
"genus","Desplatsia","Malvaceae","0.33858","0.656564","247.7","family","Malvaceae"
"genus","Detarium","Fabaceae","0.35056","0.703454","246.4","family","Fabaceae"
"genus","Diabelia","Caprifoliaceae","0.347503","0.646075","385","division","Angiosperm"
"genus","Dialium","Fabaceae","0.428499","0.650447","130","genus","Dialium"
"genus","Dichapetalum","Dichapetalaceae","0.347503","0.646075","385","division","Angiosperm"
"genus","Dichostemma","Euphorbiaceae","0.127967","0.980196","34.3","genus","Dichostemma"
"genus","Dichrostachys","Fabaceae","0.35056","0.703454","246.4","family","Fabaceae"
"genus","Dicorynia","Fabaceae","0.35056","0.703454","246.4","family","Fabaceae"
"genus","Dillenia","Dilleniaceae","0.415414","0.508031","66","genus","Dillenia"
"genus","Dimocarpus","Sapindaceae","0.227496","0.78143","48.7","genus","Dimocarpus"
"genus","Dimorphandra","Fabaceae","0.35056","0.703454","246.4","family","Fabaceae"
"genus","Dimorphocalyx","Euphorbiaceae","0.345755","0.614096","117","family","Euphorbiaceae"
"genus","Dinizia","Fabaceae","0.35056","0.703454","246.4","family","Fabaceae"
"genus","Dinosperma","Rutaceae","0.336044","0.604387","120","family","Rutaceae"
"genus","Diogoa","Olacaceae","0.50961","0.592203","103","family","Olacaceae"
"genus","Diospyros","Ebenaceae","0.385203","0.578095","77.3","genus","Diospyros"
"genus","Diphysa","Fabaceae","0.35056","0.703454","246.4","family","Fabaceae"
"genus","Diplodiscus","Malvaceae","0.33858","0.656564","247.7","family","Malvaceae"
"genus","Diploglottis","Sapindaceae","0.402324","0.640163","141.2","family","Sapindaceae"
"genus","Diplorhynchus","Apocynaceae","0.336157","0.746441","56","genus","Diplorhynchus"
"genus","Diplospora","Rubiaceae","0.366734","0.580393","40","genus","Diplospora"
"genus","Dipterocarpus","Dipterocarpaceae","0.331623","0.687644","154.5","genus","Dipterocarpus"
"genus","Dipteryx","Fabaceae","0.111837","1.01717","172.6","genus","Dipteryx"
"genus","Dirca","Thymelaeaceae","0.40676","0.583658","37.5","family","Thymelaeaceae"
"genus","Discocnide","Urticaceae","0.264232","0.788163","105.1","family","Urticaceae"
"genus","Discoglypremna","Euphorbiaceae","0.345755","0.614096","117","family","Euphorbiaceae"
"genus","Disepalum","Annonaceae","0.485385","0.567258","126","family","Annonaceae"
"genus","Distemonanthus","Fabaceae","0.35056","0.703454","246.4","family","Fabaceae"
"genus","Distylium","Hamamelidaceae","0.965173","0.387314","44","family","Hamamelidaceae"
"genus","Ditaxis","Euphorbiaceae","0.345755","0.614096","117","family","Euphorbiaceae"
"genus","Ditrysinia","Euphorbiaceae","0.345755","0.614096","117","family","Euphorbiaceae"
"genus","Dodonaea","Sapindaceae","0.402324","0.640163","141.2","family","Sapindaceae"
"genus","Dolichandrone","Bignoniaceae","0.280322","0.718885","137.3","family","Bignoniaceae"
"genus","Dombeya","Malvaceae","0.33858","0.656564","247.7","family","Malvaceae"
"genus","Doryphora","Atherospermataceae","0.347503","0.646075","385","division","Angiosperm"
"genus","Dracaena","Asparagaceae","0.360381","0.660096","82.2","genus","Dracaena"
"genus","Dracontomelon","Anacardiaceae","0.312881","0.679159","197.5","family","Anacardiaceae"
"genus","Drimycarpus","Anacardiaceae","0.312881","0.679159","197.5","family","Anacardiaceae"
"genus","Dryobalanops","Dipterocarpaceae","0.405691","0.568228","135.5","genus","Dryobalanops"
"genus","Drypetes","Putranjivaceae","0.349585","0.668577","72.5","genus","Drypetes"
"genus","Duabanga","Lythraceae","0.261642","0.632124","59.5","family","Lythraceae"
"genus","Duboscia","Malvaceae","0.600918","0.51795","118","genus","Duboscia"
"genus","Duckeodendron","Solanaceae","0.347503","0.646075","385","division","Angiosperm"
"genus","Duguetia","Annonaceae","0.485385","0.567258","126","family","Annonaceae"
"genus","Duperrea","Rubiaceae","0.418989","0.548977","112","family","Rubiaceae"
"genus","Durio","Malvaceae","0.523957","0.613756","88.7","genus","Durio"
"genus","Dussia","Fabaceae","0.35056","0.703454","246.4","family","Fabaceae"
"genus","Dyera","Apocynaceae","0.329077","0.659122","186.2","family","Apocynaceae"
"genus","Dysoxylum","Meliaceae","0.259058","0.654943","68","genus","Dysoxylum"
"genus","Ecclinusa","Sapotaceae","0.412551","0.592546","180","family","Sapotaceae"
"genus","Ehretia","Boraginaceae","0.347857","0.669024","26.4","genus","Ehretia"
"genus","Ekebergia","Meliaceae","0.470551","0.57892","280.3","family","Meliaceae"
"genus","Elaeagnus","Elaeagnaceae","0.347503","0.646075","385","division","Angiosperm"
"genus","Elaeocarpus","Elaeocarpaceae","0.301079","0.620295","90","genus","Elaeocarpus"
"genus","Elateriospermum","Euphorbiaceae","0.73999","0.442401","60.4","genus","Elateriospermum"
"genus","Elattostachys","Sapindaceae","0.402324","0.640163","141.2","family","Sapindaceae"
"genus","Elephantorrhiza","Fabaceae","0.35056","0.703454","246.4","family","Fabaceae"
"genus","Ellipanthus","Connaraceae","0.267312","0.623059","37.3","genus","Ellipanthus"
"genus","Emmenosperma","Rhamnaceae","0.628407","0.52228","55.4","family","Rhamnaceae"
"genus","Emmotum","Metteniusaceae","0.316286","0.595235","39.5","family","Metteniusaceae"
"genus","Endiandra","Lauraceae","0.495826","0.494061","195","family","Lauraceae"
"genus","Endlicheria","Lauraceae","0.258983","0.767726","54.9","genus","Endlicheria"
"genus","Endocomia","Myristicaceae","0.454828","0.613182","136.8","family","Myristicaceae"
"genus","Endodesmia","Calophyllaceae","0.429355","0.665366","163","family","Calophyllaceae"
"genus","Endopleura","Humiriaceae","0.218507","0.783704","89.8","genus","Endopleura"
"genus","Endospermum","Euphorbiaceae","0.297235","0.632753","60.8","genus","Endospermum"
"genus","Engelhardia","Juglandaceae","0.251848","0.651821","70","genus","Engelhardia"
"genus","Engelhardtia","Juglandaceae","0.184687","0.840949","72.6","family","Juglandaceae"
"genus","Enicosanthum","Annonaceae","0.485385","0.567258","126","family","Annonaceae"
"genus","Enkianthus","Ericaceae","0.570745","0.4646","149","family","Ericaceae"
"genus","Entada","Fabaceae","0.35056","0.703454","246.4","family","Fabaceae"
"genus","Entandrophragma","Meliaceae","0.0974048","0.974832","280.3","genus","Entandrophragma"
"genus","Enterolobium","Fabaceae","0.35056","0.703454","246.4","family","Fabaceae"
"genus","Eperua","Fabaceae","0.554626","0.510702","142","genus","Eperua"
"genus","Ephedra","Ephedraceae","0.228162","0.708135","770","division","Gymnosperm"
"genus","Ephedranthus","Annonaceae","0.485385","0.567258","126","family","Annonaceae"
"genus","Epiprinus","Euphorbiaceae","0.345755","0.614096","117","family","Euphorbiaceae"
"genus","Eremophila","Scrophulariaceae","0.347503","0.646075","385","division","Angiosperm"
"genus","Erica","Ericaceae","0.226381","0.793179","67","genus","Erica"
"genus","Eriobotrya","Rosaceae","0.294679","0.634344","43","genus","Eriobotrya"
"genus","Eriocoelum","Sapindaceae","0.402324","0.640163","141.2","family","Sapindaceae"
"genus","Eriotheca","Malvaceae","0.33858","0.656564","247.7","family","Malvaceae"
"genus","Erisma","Vochysiaceae","0.287582","0.729449","125.7","family","Vochysiaceae"
"genus","Erismadelphus","Vochysiaceae","0.287582","0.729449","125.7","family","Vochysiaceae"
"genus","Erismanthus","Euphorbiaceae","0.345755","0.614096","117","family","Euphorbiaceae"
"genus","Erithalis","Rubiaceae","0.418989","0.548977","112","family","Rubiaceae"
"genus","Erycibe","Convolvulaceae","0.347503","0.646075","385","division","Angiosperm"
"genus","Erythrina","Fabaceae","0.35056","0.703454","246.4","family","Fabaceae"
"genus","Erythrococca","Euphorbiaceae","0.345755","0.614096","117","family","Euphorbiaceae"
"genus","Erythrophleum","Fabaceae","0.355861","0.709463","112.2","genus","Erythrophleum"
"genus","Erythroxylum","Erythroxylaceae","0.347503","0.646075","385","division","Angiosperm"
"genus","Eschweilera","Lecythidaceae","0.496374","0.551539","84.4","genus","Eschweilera"
"genus","Esenbeckia","Rutaceae","0.46785","0.492311","27.1","genus","Esenbeckia"
"genus","Eucalyptus","Myrtaceae","0.393272","0.537683","385","genus","Eucalyptus"
"genus","Eucommia","Eucommiaceae","0.347503","0.646075","385","division","Angiosperm"
"genus","Eucryphia","Cunoniaceae","0.360003","0.728754","80.5","family","Cunoniaceae"
"genus","Eugenia","Myrtaceae","0.38089","0.634793","36.8","genus","Eugenia"
"genus","Euodia","Rutaceae","0.336044","0.604387","120","family","Rutaceae"
"genus","Euonymus","Celastraceae","0.353129","0.616934","22.6","genus","Euonymus"
"genus","Euphorbia","Euphorbiaceae","0.345755","0.614096","117","family","Euphorbiaceae"
"genus","Euplassa","Proteaceae","0.237798","0.80052","88","family","Proteaceae"
"genus","Eupomatia","Eupomatiaceae","0.347503","0.646075","385","division","Angiosperm"
"genus","Euroschinus","Anacardiaceae","0.312881","0.679159","197.5","family","Anacardiaceae"
"genus","Eurya","Pentaphylacaceae","0.390953","0.467895","62","genus","Eurya"
"genus","Eurycoma","Simaroubaceae","0.386634","0.616087","78.9","family","Simaroubaceae"
"genus","Eurypetalum","Fabaceae","0.35056","0.703454","246.4","family","Fabaceae"
"genus","Euscaphis","Staphyleaceae","0.453741","0.601233","55.4","family","Staphyleaceae"
"genus","Eusideroxylon","Lauraceae","0.585238","0.468965","108","genus","Eusideroxylon"
"genus","Euxylophora","Rutaceae","0.336044","0.604387","120","family","Rutaceae"
"genus","Exbucklandia","Hamamelidaceae","0.965173","0.387314","44","family","Hamamelidaceae"
"genus","Exocarpos","Santalaceae","0.484149","0.400661","41.3","family","Santalaceae"
"genus","Exostema","Rubiaceae","0.35924","0.617453","30.6","genus","Exostema"
"genus","Exothea","Sapindaceae","0.233723","0.721096","34","genus","Exothea"
"genus","Fagraea","Gentianaceae","0.367571","0.614165","66.2","genus","Fagraea"
"genus","Fagus","Fagaceae","0.515137","0.567771","162","genus","Fagus"
"genus","Faidherbia","Fabaceae","0.35056","0.703454","246.4","family","Fabaceae"
"genus","Falcataria","Fabaceae","0.129312","1.0467","72.7","genus","Falcataria"
"genus","Faradaya","Lamiaceae","0.344655","0.61105","77.5","family","Lamiaceae"
"genus","Faramea","Rubiaceae","0.568735","0.569284","22.2","genus","Faramea"
"genus","Faurea","Proteaceae","0.237798","0.80052","88","family","Proteaceae"
"genus","Fernandoa","Bignoniaceae","0.280322","0.718885","137.3","family","Bignoniaceae"
"genus","Ficus","Moraceae","0.229073","0.734242","217.7","genus","Ficus"
"genus","Filicium","Sapindaceae","0.402324","0.640163","141.2","family","Sapindaceae"
"genus","Fillaeopsis","Fabaceae","0.35056","0.703454","246.4","family","Fabaceae"
"genus","Firmiana","Malvaceae","0.272537","0.641409","39.4","genus","Firmiana"
"genus","Fissistigma","Annonaceae","0.485385","0.567258","126","family","Annonaceae"
"genus","Flacourtia","Salicaceae","0.362303","0.615443","103.5","family","Salicaceae"
"genus","Flemingia","Fabaceae","0.35056","0.703454","246.4","family","Fabaceae"
"genus","Fleroya","Rubiaceae","0.418989","0.548977","112","family","Rubiaceae"
"genus","Flindersia","Rutaceae","0.336044","0.604387","120","family","Rutaceae"
"genus","Flueggea","Phyllanthaceae","0.257811","0.775491","111.5","family","Phyllanthaceae"
"genus","Fontainea","Euphorbiaceae","0.345755","0.614096","117","family","Euphorbiaceae"
"genus","Forchhammeria","Resedaceae","0.380825","0.620691","24.1","genus","Forchhammeria"
"genus","Fordia","Fabaceae","0.35056","0.703454","246.4","family","Fabaceae"
"genus","Forestiera","Oleaceae","0.434973","0.545344","88.8","family","Oleaceae"
"genus","Franciscodendron","Malvaceae","0.33858","0.656564","247.7","family","Malvaceae"
"genus","Frangula","Rhamnaceae","0.628407","0.52228","55.4","family","Rhamnaceae"
"genus","Fraxinus","Oleaceae","0.470564","0.524251","88.8","genus","Fraxinus"
"genus","Fremontodendron","Malvaceae","0.33858","0.656564","247.7","family","Malvaceae"
"genus","Freziera","Pentaphylacaceae","0.337754","0.572801","112","family","Pentaphylacaceae"
"genus","Fridericia","Bignoniaceae","0.280322","0.718885","137.3","family","Bignoniaceae"
"genus","Funtumia","Apocynaceae","0.43513","0.551912","63.3","genus","Funtumia"
"genus","Gaertnera","Rubiaceae","0.418989","0.548977","112","family","Rubiaceae"
"genus","Galbulimima","Himantandraceae","0.347503","0.646075","385","division","Angiosperm"
"genus","Galearia","Pandaceae","0.372346","0.643272","74.6","family","Pandaceae"
"genus","Galiniera","Rubiaceae","0.418989","0.548977","112","family","Rubiaceae"
"genus","Galipea","Rutaceae","0.336044","0.604387","120","family","Rutaceae"
"genus","Gallesia","Petiveriaceae","0.347503","0.646075","385","division","Angiosperm"
"genus","Gamblea","Araliaceae","0.644325","0.473464","30.1","genus","Gamblea"
"genus","Ganophyllum","Sapindaceae","0.402324","0.640163","141.2","family","Sapindaceae"
"genus","Garcinia","Clusiaceae","0.362361","0.634348","77.4","genus","Garcinia"
"genus","Gardenia","Rubiaceae","0.418989","0.548977","112","family","Rubiaceae"
"genus","Garuga","Burseraceae","0.263503","0.716147","150.6","family","Burseraceae"
"genus","Gaultheria","Ericaceae","0.570745","0.4646","149","family","Ericaceae"
"genus","Gaylussacia","Ericaceae","0.570745","0.4646","149","family","Ericaceae"
"genus","Geijera","Rutaceae","0.336044","0.604387","120","family","Rutaceae"
"genus","Geissospermum","Apocynaceae","0.329077","0.659122","186.2","family","Apocynaceae"
"genus","Genipa","Rubiaceae","0.418989","0.548977","112","family","Rubiaceae"
"genus","Gevuina","Proteaceae","0.237798","0.80052","88","family","Proteaceae"
"genus","Gilbertiodendron","Fabaceae","0.553843","0.61492","198","genus","Gilbertiodendron"
"genus","Gillbeea","Cunoniaceae","0.360003","0.728754","80.5","family","Cunoniaceae"
"genus","Gilletiodendron","Fabaceae","0.35056","0.703454","246.4","family","Fabaceae"
"genus","Ginkgo","Ginkgoaceae","0.228162","0.708135","770","division","Gymnosperm"
"genus","Gironniera","Cannabaceae","0.461228","0.443477","180","genus","Gironniera"
"genus","Gleditsia","Fabaceae","0.200588","0.840614","67","genus","Gleditsia"
"genus","Gliricidia","Fabaceae","0.35056","0.703454","246.4","family","Fabaceae"
"genus","Glochidion","Phyllanthaceae","0.276717","0.604912","82.5","genus","Glochidion"
"genus","Gluta","Anacardiaceae","0.312881","0.679159","197.5","family","Anacardiaceae"
"genus","Glycosmis","Rutaceae","0.336044","0.604387","120","family","Rutaceae"
"genus","Glycydendron","Euphorbiaceae","0.345755","0.614096","117","family","Euphorbiaceae"
"genus","Gmelina","Lamiaceae","0.344655","0.61105","77.5","family","Lamiaceae"
"genus","Gnetum","Gnetaceae","0.228162","0.708135","770","division","Gymnosperm"
"genus","Gomphandra","Stemonuraceae","0.347503","0.646075","385","division","Angiosperm"
"genus","Gomphia","Ochnaceae","0.299755","0.719512","114.7","family","Ochnaceae"
"genus","Goniothalamus","Annonaceae","0.358004","0.556821","58","genus","Goniothalamus"
"genus","Gonocaryum","Cardiopteridaceae","0.416676","0.508211","38","genus","Gonocaryum"
"genus","Gonystylus","Thymelaeaceae","0.442931","0.593126","37.5","genus","Gonystylus"
"genus","Gordonia","Theaceae","0.458825","0.441907","30","genus","Gordonia"
"genus","Gossia","Myrtaceae","0.370999","0.569338","385","family","Myrtaceae"
"genus","Goupia","Goupiaceae","0.347503","0.646075","385","division","Angiosperm"
"genus","Greenwayodendron","Annonaceae","0.420701","0.597879","64.5","genus","Greenwayodendron"
"genus","Grevillea","Proteaceae","0.350458","0.677198","86.3","genus","Grevillea"
"genus","Grewia","Malvaceae","0.328886","0.609392","64.8","genus","Grewia"
"genus","Griselinia","Griseliniaceae","0.347503","0.646075","385","division","Angiosperm"
"genus","Grossera","Euphorbiaceae","0.345755","0.614096","117","family","Euphorbiaceae"
"genus","Guaiacum","Zygophyllaceae","0.550101","0.566678","44.3","genus","Guaiacum"
"genus","Guapira","Nyctaginaceae","0.308081","0.710739","104.6","family","Nyctaginaceae"
"genus","Guarea","Meliaceae","0.540671","0.599648","109","genus","Guarea"
"genus","Guatteria","Annonaceae","0.284485","0.751886","83","genus","Guatteria"
"genus","Guazuma","Malvaceae","0.33858","0.656564","247.7","family","Malvaceae"
"genus","Guettarda","Rubiaceae","0.648939","0.446311","67.9","genus","Guettarda"
"genus","Guibourtia","Fabaceae","0.299249","0.784549","54.5","genus","Guibourtia"
"genus","Guiera","Combretaceae","0.352803","0.687025","191","family","Combretaceae"
"genus","Guilfoylia","Surianaceae","0.347503","0.646075","385","division","Angiosperm"
"genus","Guioa","Sapindaceae","0.402324","0.640163","141.2","family","Sapindaceae"
"genus","Gustavia","Lecythidaceae","0.438676","0.596827","186.2","family","Lecythidaceae"
"genus","Gymnacranthera","Myristicaceae","0.454828","0.613182","136.8","family","Myristicaceae"
"genus","Gymnanthes","Euphorbiaceae","0.405927","0.45418","26.5","genus","Gymnanthes"
"genus","Gymnocladus","Fabaceae","0.35056","0.703454","246.4","family","Fabaceae"
"genus","Gymnopodium","Polygonaceae","0.347503","0.646075","385","division","Angiosperm"
"genus","Gymnosporia","Celastraceae","0.376232","0.66231","101.6","family","Celastraceae"
"genus","Gynochthodes","Rubiaceae","0.418989","0.548977","112","family","Rubiaceae"
"genus","Gynotroches","Rhizophoraceae","0.386698","0.68497","113.4","family","Rhizophoraceae"
"genus","Gyrinops","Thymelaeaceae","0.40676","0.583658","37.5","family","Thymelaeaceae"
"genus","Gyrocarpus","Hernandiaceae","0.347503","0.646075","385","division","Angiosperm"
"genus","Haematoxylum","Fabaceae","0.35056","0.703454","246.4","family","Fabaceae"
"genus","Hagenia","Rosaceae","0.439641","0.553616","100","family","Rosaceae"
"genus","Hakea","Proteaceae","0.237798","0.80052","88","family","Proteaceae"
"genus","Haldina","Rubiaceae","0.418989","0.548977","112","family","Rubiaceae"
"genus","Halfordia","Rutaceae","0.336044","0.604387","120","family","Rutaceae"
"genus","Hamamelis","Hamamelidaceae","0.965173","0.387314","44","family","Hamamelidaceae"
"genus","Hampea","Malvaceae","0.238486","0.777013","44.1","genus","Hampea"
"genus","Hancea","Euphorbiaceae","0.385666","0.576672","35.3","genus","Hancea"
"genus","Handroanthus","Bignoniaceae","0.517588","0.565211","125.6","genus","Handroanthus"
"genus","Harpullia","Sapindaceae","0.402324","0.640163","141.2","family","Sapindaceae"
"genus","Harrisonia","Rutaceae","0.336044","0.604387","120","family","Rutaceae"
"genus","Harungana","Hypericaceae","0.367479","0.787439","23.5","genus","Harungana"
"genus","Hasseltia","Salicaceae","0.362303","0.615443","103.5","family","Salicaceae"
"genus","Havardia","Fabaceae","0.605372","0.537254","82.5","genus","Havardia"
"genus","Hebepetalum","Linaceae","0.347503","0.646075","385","division","Angiosperm"
"genus","Hedycarya","Monimiaceae","0.814479","0.417823","112","family","Monimiaceae"
"genus","Hedyosmum","Chloranthaceae","0.347503","0.646075","385","division","Angiosperm"
"genus","Heinsenia","Rubiaceae","0.418989","0.548977","112","family","Rubiaceae"
"genus","Heisteria","Olacaceae","0.499822","0.637091","38.6","genus","Heisteria"
"genus","Helicia","Proteaceae","0.308044","0.601312","38.5","genus","Helicia"
"genus","Heliciopsis","Proteaceae","0.237798","0.80052","88","family","Proteaceae"
"genus","Helicteres","Malvaceae","0.33858","0.656564","247.7","family","Malvaceae"
"genus","Helietta","Rutaceae","0.336044","0.604387","120","family","Rutaceae"
"genus","Heliocarpus","Malvaceae","0.270837","0.78161","31.9","genus","Heliocarpus"
"genus","Hemandradenia","Connaraceae","0.322748","0.585382","37.3","family","Connaraceae"
"genus","Heritiera","Malvaceae","0.312771","0.577476","70","genus","Heritiera"
"genus","Hesperalbizia","Fabaceae","0.35056","0.703454","246.4","family","Fabaceae"
"genus","Hesperomeles","Rosaceae","0.439641","0.553616","100","family","Rosaceae"
"genus","Heteropanax","Araliaceae","0.221779","0.730318","138.1","family","Araliaceae"
"genus","Heteropterys","Malpighiaceae","0.494214","0.533879","46","family","Malpighiaceae"
"genus","Hevea","Euphorbiaceae","0.490578","0.597308","85.9","genus","Hevea"
"genus","Hexalobus","Annonaceae","0.910007","0.429696","92.6","genus","Hexalobus"
"genus","Heynea","Meliaceae","0.299184","0.625506","21.4","genus","Heynea"
"genus","Hibiscus","Malvaceae","0.33858","0.656564","247.7","family","Malvaceae"
"genus","Hieronyma","Phyllanthaceae","0.257811","0.775491","111.5","family","Phyllanthaceae"
"genus","Himatanthus","Apocynaceae","0.329077","0.659122","186.2","family","Apocynaceae"
"genus","Hintonia","Rubiaceae","0.418989","0.548977","112","family","Rubiaceae"
"genus","Hippocratea","Celastraceae","0.376232","0.66231","101.6","family","Celastraceae"
"genus","Hippomane","Euphorbiaceae","0.345755","0.614096","117","family","Euphorbiaceae"
"genus","Hiptage","Malpighiaceae","0.494214","0.533879","46","family","Malpighiaceae"
"genus","Hirtella","Chrysobalanaceae","0.530091","0.664845","41.5","genus","Hirtella"
"genus","Hodgkinsonia","Rubiaceae","0.418989","0.548977","112","family","Rubiaceae"
"genus","Holigarna","Anacardiaceae","0.312881","0.679159","197.5","family","Anacardiaceae"
"genus","Hollandaea","Proteaceae","0.237798","0.80052","88","family","Proteaceae"
"genus","Holodiscus","Rosaceae","0.439641","0.553616","100","family","Rosaceae"
"genus","Holoptelea","Ulmaceae","0.543514","0.584826","82","family","Ulmaceae"
"genus","Homalium","Salicaceae","0.269022","0.657112","79.7","genus","Homalium"
"genus","Homalolepis","Simaroubaceae","0.386634","0.616087","78.9","family","Simaroubaceae"
"genus","Homonoia","Euphorbiaceae","0.345755","0.614096","117","family","Euphorbiaceae"
"genus","Hopea","Dipterocarpaceae","0.24721","0.637463","189.7","genus","Hopea"
"genus","Horsfieldia","Myristicaceae","0.476701","0.581508","55.6","genus","Horsfieldia"
"genus","Hovenia","Rhamnaceae","0.628407","0.52228","55.4","family","Rhamnaceae"
"genus","Huberantha","Annonaceae","0.348673","0.507397","68.4","genus","Huberantha"
"genus","Huberodendron","Malvaceae","0.33858","0.656564","247.7","family","Malvaceae"
"genus","Humboldtia","Fabaceae","0.35056","0.703454","246.4","family","Fabaceae"
"genus","Hunteria","Apocynaceae","0.543405","0.398397","49.7","genus","Hunteria"
"genus","Hura","Euphorbiaceae","0.345755","0.614096","117","family","Euphorbiaceae"
"genus","Hybanthus","Violaceae","0.641656","0.483323","47.3","family","Violaceae"
"genus","Hydnocarpus","Achariaceae","0.1942","0.874886","45","genus","Hydnocarpus"
"genus","Hydrangea","Hydrangeaceae","0.347503","0.646075","385","division","Angiosperm"
"genus","Hylandia","Euphorbiaceae","0.345755","0.614096","117","family","Euphorbiaceae"
"genus","Hylodendron","Fabaceae","0.35056","0.703454","246.4","family","Fabaceae"
"genus","Hymenaea","Fabaceae","0.42193","0.653075","117.2","genus","Hymenaea"
"genus","Hymenocardia","Phyllanthaceae","0.239333","0.920065","23.9","genus","Hymenocardia"
"genus","Hymenolobium","Fabaceae","0.35056","0.703454","246.4","family","Fabaceae"
"genus","Hymenostegia","Fabaceae","0.35056","0.703454","246.4","family","Fabaceae"
"genus","Hyperbaena","Menispermaceae","0.347503","0.646075","385","division","Angiosperm"
"genus","Hypericum","Hypericaceae","0.290452","0.639168","58","family","Hypericaceae"
"genus","Idesia","Salicaceae","0.362303","0.615443","103.5","family","Salicaceae"
"genus","Idiospermum","Calycanthaceae","0.347503","0.646075","385","division","Angiosperm"
"genus","Ilex","Aquifoliaceae","0.593439","0.501246","87.1","genus","Ilex"
"genus","Illicium","Schisandraceae","0.323358","0.578481","21.5","genus","Illicium"
"genus","Inga","Fabaceae","0.554979","0.594237","80","genus","Inga"
"genus","Intsia","Fabaceae","0.35056","0.703454","246.4","family","Fabaceae"
"genus","Ipomoea","Convolvulaceae","0.347503","0.646075","385","division","Angiosperm"
"genus","Iresine","Amaranthaceae","0.347503","0.646075","385","division","Angiosperm"
"genus","Irvingbaileya","Stemonuraceae","0.347503","0.646075","385","division","Angiosperm"
"genus","Irvingia","Irvingiaceae","0.265302","0.805422","174","genus","Irvingia"
"genus","Iryanthera","Myristicaceae","0.454828","0.613182","136.8","family","Myristicaceae"
"genus","Isolona","Annonaceae","0.485385","0.567258","126","family","Annonaceae"
"genus","Isonandra","Sapotaceae","0.412551","0.592546","180","family","Sapotaceae"
"genus","Itea","Iteaceae","0.465747","0.406727","26.1","genus","Itea"
"genus","Ixonanthes","Ixonanthaceae","0.263012","0.629415","47.1","genus","Ixonanthes"
"genus","Ixora","Rubiaceae","0.418989","0.548977","112","family","Rubiaceae"
"genus","Jacaranda","Bignoniaceae","0.143953","0.913032","137.3","genus","Jacaranda"
"genus","Jacaratia","Caricaceae","0.317658","0.552639","81.8","genus","Jacaratia"
"genus","Jacksonia","Fabaceae","0.35056","0.703454","246.4","family","Fabaceae"
"genus","Jacquinia","Primulaceae","0.396453","0.533411","65.5","family","Primulaceae"
"genus","Jagera","Sapindaceae","0.402324","0.640163","141.2","family","Sapindaceae"
"genus","Jatropha","Euphorbiaceae","0.358531","0.589547","28","genus","Jatropha"
"genus","Juglans","Juglandaceae","0.104073","1.08491","65.8","genus","Juglans"
"genus","Julbernardia","Fabaceae","0.37377","0.744504","135","genus","Julbernardia"
"genus","Juniperus","Cupressaceae","0.404473","0.588228","45","genus","Juniperus"
"genus","Kadua","Rubiaceae","0.418989","0.548977","112","family","Rubiaceae"
"genus","Kalmia","Ericaceae","0.570745","0.4646","149","family","Ericaceae"
"genus","Kalopanax","Araliaceae","0.221779","0.730318","138.1","family","Araliaceae"
"genus","Karrabina","Cunoniaceae","0.360003","0.728754","80.5","family","Cunoniaceae"
"genus","Karwinskia","Rhamnaceae","0.628407","0.52228","55.4","family","Rhamnaceae"
"genus","Kayea","Calophyllaceae","0.425105","0.65515","40.6","genus","Kayea"
"genus","Keayodendron","Phyllanthaceae","0.257811","0.775491","111.5","family","Phyllanthaceae"
"genus","Khaya","Meliaceae","0.470551","0.57892","280.3","family","Meliaceae"
"genus","Kibara","Monimiaceae","0.814479","0.417823","112","family","Monimiaceae"
"genus","Kibatalia","Apocynaceae","0.329077","0.659122","186.2","family","Apocynaceae"
"genus","Kielmeyera","Calophyllaceae","0.429355","0.665366","163","family","Calophyllaceae"
"genus","Kigelia","Bignoniaceae","0.280322","0.718885","137.3","family","Bignoniaceae"
"genus","Kingiodendron","Fabaceae","0.35056","0.703454","246.4","family","Fabaceae"
"genus","Kirkia","Kirkiaceae","0.347503","0.646075","385","division","Angiosperm"
"genus","Klaineanthus","Euphorbiaceae","0.345755","0.614096","117","family","Euphorbiaceae"
"genus","Klainedoxa","Irvingiaceae","0.225071","0.834102","174","family","Irvingiaceae"
"genus","Kleinhovia","Malvaceae","0.252034","0.677027","47","genus","Kleinhovia"
"genus","Knema","Myristicaceae","0.432102","0.66211","71","genus","Knema"
"genus","Knightia","Proteaceae","0.310269","0.611372","88","genus","Knightia"
"genus","Koanophyllon","Asteraceae","0.347503","0.646075","385","division","Angiosperm"
"genus","Koilodepas","Euphorbiaceae","0.356889","0.516596","42.5","genus","Koilodepas"
"genus","Kokoona","Celastraceae","0.376232","0.66231","101.6","family","Celastraceae"
"genus","Koompassia","Fabaceae","0.35056","0.703454","246.4","family","Fabaceae"
"genus","Koordersiodendron","Anacardiaceae","0.312881","0.679159","197.5","family","Anacardiaceae"
"genus","Kopsia","Apocynaceae","0.329077","0.659122","186.2","family","Apocynaceae"
"genus","Krugiodendron","Rhamnaceae","0.370014","0.63658","23.6","genus","Krugiodendron"
"genus","Kunzea","Myrtaceae","0.270866","0.660033","79","genus","Kunzea"
"genus","Laburnum","Fabaceae","0.35056","0.703454","246.4","family","Fabaceae"
"genus","Lacistema","Lacistemataceae","0.347503","0.646075","385","division","Angiosperm"
"genus","Lacmellea","Apocynaceae","0.329077","0.659122","186.2","family","Apocynaceae"
"genus","Lacunaria","Ochnaceae","0.299755","0.719512","114.7","family","Ochnaceae"
"genus","Laetia","Salicaceae","0.89283","0.440804","78","genus","Laetia"
"genus","Lafoensia","Lythraceae","0.261642","0.632124","59.5","family","Lythraceae"
"genus","Lagerstroemia","Lythraceae","0.224323","0.726752","25","genus","Lagerstroemia"
"genus","Laguncularia","Combretaceae","0.174262","0.744301","54.8","genus","Laguncularia"
"genus","Lannea","Anacardiaceae","0.221961","0.730825","103","genus","Lannea"
"genus","Lansium","Meliaceae","0.525178","0.565178","74.8","genus","Lansium"
"genus","Larix","Pinaceae","0.23145","0.73796","82","genus","Larix"
"genus","Lasianthus","Rubiaceae","0.357874","0.489303","23","genus","Lasianthus"
"genus","Lasiocarpus","Malpighiaceae","0.494214","0.533879","46","family","Malpighiaceae"
"genus","Lasiococca","Euphorbiaceae","0.345755","0.614096","117","family","Euphorbiaceae"
"genus","Lasiodiscus","Rhamnaceae","0.628407","0.52228","55.4","family","Rhamnaceae"
"genus","Lecaniodiscus","Sapindaceae","0.402324","0.640163","141.2","family","Sapindaceae"
"genus","Lecomtedoxa","Sapotaceae","0.412551","0.592546","180","family","Sapotaceae"
"genus","Lecythis","Lecythidaceae","0.542881","0.524279","110","genus","Lecythis"
"genus","Leea","Vitaceae","0.347503","0.646075","385","division","Angiosperm"
"genus","Leiospermum","Cunoniaceae","0.399252","0.606636","47.3","genus","Leiospermum"
"genus","Leonia","Violaceae","0.641656","0.483323","47.3","family","Violaceae"
"genus","Lepidobotrys","Lepidobotryaceae","0.347503","0.646075","385","division","Angiosperm"
"genus","Lepidopetalum","Sapindaceae","0.402324","0.640163","141.2","family","Sapindaceae"
"genus","Lepidotrichilia","Meliaceae","0.470551","0.57892","280.3","family","Meliaceae"
"genus","Lepidozamia","Zamiaceae","0.228162","0.708135","770","division","Gymnosperm"
"genus","Lepisanthes","Sapindaceae","0.4005","0.505974","27.9","genus","Lepisanthes"
"genus","Leplaea","Meliaceae","0.454802","0.633373","71.5","genus","Leplaea"
"genus","Leptactina","Rubiaceae","0.418989","0.548977","112","family","Rubiaceae"
"genus","Leptonychia","Malvaceae","0.33858","0.656564","247.7","family","Malvaceae"
"genus","Leptopus","Phyllanthaceae","0.257811","0.775491","111.5","family","Phyllanthaceae"
"genus","Leptospermum","Myrtaceae","0.134709","0.899362","32.1","genus","Leptospermum"
"genus","Lespedeza","Fabaceae","0.35056","0.703454","246.4","family","Fabaceae"
"genus","Lethedon","Thymelaeaceae","0.40676","0.583658","37.5","family","Thymelaeaceae"
"genus","Leucaena","Fabaceae","0.35056","0.703454","246.4","family","Fabaceae"
"genus","Leucopogon","Ericaceae","0.570745","0.4646","149","family","Ericaceae"
"genus","Levieria","Monimiaceae","0.814479","0.417823","112","family","Monimiaceae"
"genus","Libidibia","Fabaceae","0.35056","0.703454","246.4","family","Fabaceae"
"genus","Licania","Chrysobalanaceae","0.477027","0.592862","81","genus","Licania"
"genus","Licaria","Lauraceae","0.495826","0.494061","195","family","Lauraceae"
"genus","Ligustrum","Oleaceae","0.434973","0.545344","88.8","family","Oleaceae"
"genus","Lindackeria","Achariaceae","0.332336","0.688604","80.9","family","Achariaceae"
"genus","Lindera","Lauraceae","0.495826","0.494061","195","family","Lauraceae"
"genus","Lindsayomyrtus","Myrtaceae","0.370999","0.569338","385","family","Myrtaceae"
"genus","Lippia","Verbenaceae","0.347503","0.646075","385","division","Angiosperm"
"genus","Liquidambar","Altingiaceae","0.375331","0.633713","80.5","genus","Liquidambar"
"genus","Liriodendron","Magnoliaceae","0.491236","0.596233","111.1","genus","Liriodendron"
"genus","Litchi","Sapindaceae","0.315928","0.559108","80","genus","Litchi"
"genus","Lithocarpus","Fagaceae","0.31484","0.623228","79.3","genus","Lithocarpus"
"genus","Litsea","Lauraceae","0.355471","0.571277","63.3","genus","Litsea"
"genus","Lomatia","Proteaceae","0.237798","0.80052","88","family","Proteaceae"
"genus","Lonchocarpus","Fabaceae","0.33393","0.642369","70.3","genus","Lonchocarpus"
"genus","Lonicera","Caprifoliaceae","0.347503","0.646075","385","division","Angiosperm"
"genus","Lophira","Ochnaceae","0.299755","0.719512","114.7","family","Ochnaceae"
"genus","Lophopetalum","Celastraceae","0.245047","0.75099","101.6","genus","Lophopetalum"
"genus","Lophostemon","Myrtaceae","0.370999","0.569338","385","family","Myrtaceae"
"genus","Loropetalum","Hamamelidaceae","0.965173","0.387314","44","family","Hamamelidaceae"
"genus","Lovoa","Meliaceae","0.470551","0.57892","280.3","family","Meliaceae"
"genus","Ludekia","Rubiaceae","0.418989","0.548977","112","family","Rubiaceae"
"genus","Luehea","Malvaceae","0.242476","0.794868","169","genus","Luehea"
"genus","Lunania","Salicaceae","0.362303","0.615443","103.5","family","Salicaceae"
"genus","Lupinus","Fabaceae","0.35056","0.703454","246.4","family","Fabaceae"
"genus","Lyonia","Ericaceae","0.469479","0.540247","31.1","genus","Lyonia"
"genus","Lysiloma","Fabaceae","0.34064","0.665754","73.4","genus","Lysiloma"
"genus","Lysiphyllum","Fabaceae","0.35056","0.703454","246.4","family","Fabaceae"
"genus","Maackia","Fabaceae","0.35056","0.703454","246.4","family","Fabaceae"
"genus","Maasia","Annonaceae","0.642717","0.472288","40.3","genus","Maasia"
"genus","Mabea","Euphorbiaceae","0.345755","0.614096","117","family","Euphorbiaceae"
"genus","Macaranga","Euphorbiaceae","0.266688","0.698921","110","genus","Macaranga"
"genus","Machaonia","Rubiaceae","0.418989","0.548977","112","family","Rubiaceae"
"genus","Machilus","Lauraceae","0.306916","0.584869","58","genus","Machilus"
"genus","Maclura","Moraceae","1.20413","0.483878","53.3","genus","Maclura"
"genus","Maclurodendron","Rutaceae","0.34123","0.528375","46","genus","Maclurodendron"
"genus","Macrocnemum","Rubiaceae","0.418989","0.548977","112","family","Rubiaceae"
"genus","Macrolobium","Fabaceae","0.35056","0.703454","246.4","family","Fabaceae"
"genus","Macropanax","Araliaceae","0.221779","0.730318","138.1","family","Araliaceae"
"genus","Madhuca","Sapotaceae","0.364566","0.553403","40.3","genus","Madhuca"
"genus","Maerua","Capparaceae","0.223488","0.65496","33","genus","Maerua"
"genus","Maesa","Primulaceae","0.396453","0.533411","65.5","family","Primulaceae"
"genus","Maesobotrya","Phyllanthaceae","0.257811","0.775491","111.5","family","Phyllanthaceae"
"genus","Maesopsis","Rhamnaceae","0.628407","0.52228","55.4","family","Rhamnaceae"
"genus","Magnistipula","Chrysobalanaceae","0.490113","0.601551","99.9","family","Chrysobalanaceae"
"genus","Magnolia","Magnoliaceae","0.296675","0.652075","68","genus","Magnolia"
"genus","Magonia","Sapindaceae","0.402324","0.640163","141.2","family","Sapindaceae"
"genus","Majidea","Sapindaceae","0.402324","0.640163","141.2","family","Sapindaceae"
"genus","Mallotus","Euphorbiaceae","0.273602","0.746253","36","genus","Mallotus"
"genus","Malpighia","Malpighiaceae","0.51521","0.556864","25.7","genus","Malpighia"
"genus","Malus","Rosaceae","0.439641","0.553616","100","family","Rosaceae"
"genus","Malvaviscus","Malvaceae","0.33858","0.656564","247.7","family","Malvaceae"
"genus","Mammea","Calophyllaceae","0.429355","0.665366","163","family","Calophyllaceae"
"genus","Mangifera","Anacardiaceae","0.391133","0.66478","78","genus","Mangifera"
"genus","Manihot","Euphorbiaceae","0.345755","0.614096","117","family","Euphorbiaceae"
"genus","Manilkara","Sapotaceae","0.235673","0.751364","137.5","genus","Manilkara"
"genus","Maniltoa","Fabaceae","0.35056","0.703454","246.4","family","Fabaceae"
"genus","Mansonia","Malvaceae","0.33858","0.656564","247.7","family","Malvaceae"
"genus","Mappia","Icacinaceae","0.347503","0.646075","385","division","Angiosperm"
"genus","Maprounea","Euphorbiaceae","0.345755","0.614096","117","family","Euphorbiaceae"
"genus","Maquira","Moraceae","0.34763","0.654914","217.7","family","Moraceae"
"genus","Maranthes","Chrysobalanaceae","0.490113","0.601551","99.9","family","Chrysobalanaceae"
"genus","Mareyopsis","Euphorbiaceae","0.345755","0.614096","117","family","Euphorbiaceae"
"genus","Margaritaria","Phyllanthaceae","0.257811","0.775491","111.5","family","Phyllanthaceae"
"genus","Marila","Calophyllaceae","0.429355","0.665366","163","family","Calophyllaceae"
"genus","Mariosousa","Fabaceae","0.35056","0.703454","246.4","family","Fabaceae"
"genus","Markhamia","Bignoniaceae","0.180796","0.849092","33.4","genus","Markhamia"
"genus","Marlierea","Myrtaceae","0.370999","0.569338","385","family","Myrtaceae"
"genus","Marquesia","Dipterocarpaceae","0.482661","0.767051","158.3","genus","Marquesia"
"genus","Mascarenhasia","Apocynaceae","0.329077","0.659122","186.2","family","Apocynaceae"
"genus","Massularia","Rubiaceae","0.418989","0.548977","112","family","Rubiaceae"
"genus","Mastixia","Nyssaceae","0.704961","0.474742","62","family","Nyssaceae"
"genus","Matayba","Sapindaceae","0.402324","0.640163","141.2","family","Sapindaceae"
"genus","Mayna","Achariaceae","0.332336","0.688604","80.9","family","Achariaceae"
"genus","Maytenus","Celastraceae","0.687718","0.602689","27.7","genus","Maytenus"
"genus","Medicosma","Rutaceae","0.336044","0.604387","120","family","Rutaceae"
"genus","Medusanthera","Stemonuraceae","0.347503","0.646075","385","division","Angiosperm"
"genus","Meineckia","Phyllanthaceae","0.257811","0.775491","111.5","family","Phyllanthaceae"
"genus","Meiocarpidium","Annonaceae","0.485385","0.567258","126","family","Annonaceae"
"genus","Meiogyne","Annonaceae","0.485385","0.567258","126","family","Annonaceae"
"genus","Melaleuca","Myrtaceae","0.370999","0.569338","385","family","Myrtaceae"
"genus","Melanochyla","Anacardiaceae","0.312881","0.679159","197.5","family","Anacardiaceae"
"genus","Melanorrhoea","Anacardiaceae","0.312881","0.679159","197.5","family","Anacardiaceae"
"genus","Melastoma","Melastomataceae","0.419234","0.403948","30","genus","Melastoma"
"genus","Melia","Meliaceae","0.470551","0.57892","280.3","family","Meliaceae"
"genus","Melicoccus","Sapindaceae","0.537971","0.44753","57.4","genus","Melicoccus"
"genus","Melicope","Rutaceae","0.334388","0.553517","45","genus","Melicope"
"genus","Melicytus","Violaceae","0.32757","0.708652","31.7","genus","Melicytus"
"genus","Meliosma","Sabiaceae","0.277978","0.657643","41.5","genus","Meliosma"
"genus","Memecylon","Melastomataceae","0.493984","0.479327","36.4","genus","Memecylon"
"genus","Menziesia","Ericaceae","0.570745","0.4646","149","family","Ericaceae"
"genus","Mespilus","Rosaceae","0.439641","0.553616","100","family","Rosaceae"
"genus","Mesua","Calophyllaceae","0.366165","0.730765","97.3","genus","Mesua"
"genus","Metasequoia","Cupressaceae","0.385224","0.556493","770","family","Cupressaceae"
"genus","Metopium","Anacardiaceae","0.216682","0.686823","59","genus","Metopium"
"genus","Metrosideros","Myrtaceae","0.21237","0.72388","176.4","genus","Metrosideros"
"genus","Mezilaurus","Lauraceae","0.495826","0.494061","195","family","Lauraceae"
"genus","Mezzettia","Annonaceae","0.485385","0.567258","126","family","Annonaceae"
"genus","Miconia","Melastomataceae","0.591206","0.619717","41.5","genus","Miconia"
"genus","Micrandra","Euphorbiaceae","0.345755","0.614096","117","family","Euphorbiaceae"
"genus","Microcos","Malvaceae","0.313932","0.612177","75","genus","Microcos"
"genus","Microdesmis","Pandaceae","0.372346","0.643272","74.6","family","Pandaceae"
"genus","Micromelum","Rutaceae","0.336044","0.604387","120","family","Rutaceae"
"genus","Micropholis","Sapotaceae","0.412551","0.592546","180","family","Sapotaceae"
"genus","Microtropis","Celastraceae","0.376232","0.66231","101.6","family","Celastraceae"
"genus","Milicia","Moraceae","0.34763","0.654914","217.7","family","Moraceae"
"genus","Miliusa","Annonaceae","0.485385","0.567258","126","family","Annonaceae"
"genus","Millettia","Fabaceae","0.35056","0.703454","246.4","family","Fabaceae"
"genus","Mimosa","Fabaceae","0.26354","0.837195","57","genus","Mimosa"
"genus","Minquartia","Olacaceae","0.309663","0.67987","99.2","genus","Minquartia"
"genus","Mischarytera","Sapindaceae","0.402324","0.640163","141.2","family","Sapindaceae"
"genus","Mischocarpus","Sapindaceae","0.307037","0.580371","45.5","genus","Mischocarpus"
"genus","Mitrephora","Annonaceae","0.555747","0.393732","41.4","genus","Mitrephora"
"genus","Mollinedia","Monimiaceae","0.814479","0.417823","112","family","Monimiaceae"
"genus","Monanthotaxis","Annonaceae","0.485385","0.567258","126","family","Annonaceae"
"genus","Monodora","Annonaceae","0.485385","0.567258","126","family","Annonaceae"
"genus","Monoon","Annonaceae","0.485385","0.567258","126","family","Annonaceae"
"genus","Monotes","Dipterocarpaceae","0.223378","0.774201","212","family","Dipterocarpaceae"
"genus","Monteverdia","Celastraceae","0.376232","0.66231","101.6","family","Celastraceae"
"genus","Morella","Myricaceae","0.901493","0.335607","43.9","family","Myricaceae"
"genus","Morinda","Rubiaceae","0.418989","0.548977","112","family","Rubiaceae"
"genus","Morisonia","Capparaceae","0.542657","0.432976","33.3","family","Capparaceae"
"genus","Moronobea","Clusiaceae","0.338095","0.675771","77.4","family","Clusiaceae"
"genus","Mortoniodendron","Malvaceae","0.33858","0.656564","247.7","family","Malvaceae"
"genus","Morus","Moraceae","0.198105","0.901911","89.5","genus","Morus"
"genus","Mosannona","Annonaceae","0.485385","0.567258","126","family","Annonaceae"
"genus","Mosiera","Myrtaceae","0.370999","0.569338","385","family","Myrtaceae"
"genus","Moultonianthus","Euphorbiaceae","0.345755","0.614096","117","family","Euphorbiaceae"
"genus","Mouriri","Melastomataceae","0.84868","0.426054","49.7","genus","Mouriri"
"genus","Mucuna","Fabaceae","0.35056","0.703454","246.4","family","Fabaceae"
"genus","Multidentia","Rubiaceae","0.418989","0.548977","112","family","Rubiaceae"
"genus","Murraya","Rutaceae","0.336044","0.604387","120","family","Rutaceae"
"genus","Musa","Musaceae","0.347503","0.646075","385","division","Angiosperm"
"genus","Musanga","Urticaceae","0.264232","0.788163","105.1","family","Urticaceae"
"genus","Musgravea","Proteaceae","0.237798","0.80052","88","family","Proteaceae"
"genus","Myoporum","Scrophulariaceae","0.347503","0.646075","385","division","Angiosperm"
"genus","Myrcia","Myrtaceae","0.370999","0.569338","385","family","Myrtaceae"
"genus","Myrciaria","Myrtaceae","0.370999","0.569338","385","family","Myrtaceae"
"genus","Myrianthus","Urticaceae","0.264232","0.788163","105.1","family","Urticaceae"
"genus","Myrica","Myricaceae","0.901493","0.335607","43.9","family","Myricaceae"
"genus","Myriocarpa","Urticaceae","0.264232","0.788163","105.1","family","Urticaceae"
"genus","Myristica","Myristicaceae","0.37704","0.696095","60.5","genus","Myristica"
"genus","Myrocarpus","Fabaceae","0.35056","0.703454","246.4","family","Fabaceae"
"genus","Myrospermum","Fabaceae","0.35056","0.703454","246.4","family","Fabaceae"
"genus","Myroxylon","Fabaceae","0.35056","0.703454","246.4","family","Fabaceae"
"genus","Myrsine","Primulaceae","0.216809","0.839614","42.1","genus","Myrsine"
"genus","Nabalus","Asteraceae","0.347503","0.646075","385","division","Angiosperm"
"genus","Nageia","Podocarpaceae","0.34741","0.614147","266","family","Podocarpaceae"
"genus","Nauclea","Rubiaceae","0.418091","0.569117","112","genus","Nauclea"
"genus","Nectandra","Lauraceae","0.277957","0.72274","76.6","genus","Nectandra"
"genus","Neea","Nyctaginaceae","0.309743","0.647835","88.7","genus","Neea"
"genus","Neesia","Malvaceae","0.33858","0.656564","247.7","family","Malvaceae"
"genus","Nekemias","Vitaceae","0.347503","0.646075","385","division","Angiosperm"
"genus","Nematolepis","Rutaceae","0.336044","0.604387","120","family","Rutaceae"
"genus","Neo-uvaria","Annonaceae","0.485385","0.567258","126","family","Annonaceae"
"genus","Neobalanocarpus","Dipterocarpaceae","0.223378","0.774201","212","family","Dipterocarpaceae"
"genus","Neochevalierodendron","Fabaceae","0.35056","0.703454","246.4","family","Fabaceae"
"genus","Neocinnamomum","Lauraceae","0.495826","0.494061","195","family","Lauraceae"
"genus","Neolamarckia","Rubiaceae","0.418989","0.548977","112","family","Rubiaceae"
"genus","Neolitsea","Lauraceae","0.238062","0.706119","65.3","genus","Neolitsea"
"genus","Neomillspaughia","Polygonaceae","0.347503","0.646075","385","division","Angiosperm"
"genus","Neomyrtus","Myrtaceae","0.370999","0.569338","385","family","Myrtaceae"
"genus","Neonauclea","Rubiaceae","0.418989","0.548977","112","family","Rubiaceae"
"genus","Neopanax","Araliaceae","0.221779","0.730318","138.1","family","Araliaceae"
"genus","Neorites","Proteaceae","0.237798","0.80052","88","family","Proteaceae"
"genus","Neoscortechinia","Euphorbiaceae","0.512508","0.562838","33.4","genus","Neoscortechinia"
"genus","Neoshirakia","Euphorbiaceae","0.345755","0.614096","117","family","Euphorbiaceae"
"genus","Nephelium","Sapindaceae","0.345498","0.614841","49","genus","Nephelium"
"genus","Nesogordonia","Malvaceae","0.107283","0.956255","77.2","genus","Nesogordonia"
"genus","Newtonia","Fabaceae","0.35056","0.703454","246.4","family","Fabaceae"
"genus","Niemeyera","Sapotaceae","0.412551","0.592546","180","family","Sapotaceae"
"genus","Noronhia","Oleaceae","0.434973","0.545344","88.8","family","Oleaceae"
"genus","Notelaea","Oleaceae","0.434973","0.545344","88.8","family","Oleaceae"
"genus","Nothaphoebe","Lauraceae","0.495826","0.494061","195","family","Lauraceae"
"genus","Nothocissus","Vitaceae","0.347503","0.646075","385","division","Angiosperm"
"genus","Nothofagus","Nothofagaceae","0.269813","0.687883","206.3","genus","Nothofagus"
"genus","Notholithocarpus","Fagaceae","0.214181","0.780644","222.9","family","Fagaceae"
"genus","Nothopegia","Anacardiaceae","0.232772","0.87879","26.1","genus","Nothopegia"
"genus","Nyssa","Nyssaceae","0.738358","0.458379","62","genus","Nyssa"
"genus","Ochanostachys","Olacaceae","0.735148","0.401419","51.6","genus","Ochanostachys"
"genus","Ochna","Ochnaceae","0.283098","0.722721","36.9","genus","Ochna"
"genus","Ochroma","Malvaceae","0.33858","0.656564","247.7","family","Malvaceae"
"genus","Ochrosia","Apocynaceae","0.329077","0.659122","186.2","family","Apocynaceae"
"genus","Ocotea","Lauraceae","0.388796","0.652965","195","genus","Ocotea"
"genus","Octomeles","Tetramelaceae","0.347503","0.646075","385","division","Angiosperm"
"genus","Olax","Olacaceae","0.50961","0.592203","103","family","Olacaceae"
"genus","Oldfieldia","Picrodendraceae","0.347503","0.646075","385","division","Angiosperm"
"genus","Olea","Oleaceae","0.223759","0.694382","47.1","genus","Olea"
"genus","Olearia","Asteraceae","0.347503","0.646075","385","division","Angiosperm"
"genus","Olinia","Penaeaceae","0.347503","0.646075","385","division","Angiosperm"
"genus","Omphalea","Euphorbiaceae","0.345755","0.614096","117","family","Euphorbiaceae"
"genus","Omphalocarpum","Sapotaceae","0.412551","0.592546","180","family","Sapotaceae"
"genus","Oncoba","Salicaceae","0.362303","0.615443","103.5","family","Salicaceae"
"genus","Ongokea","Olacaceae","0.50961","0.592203","103","family","Olacaceae"
"genus","Operculicarya","Anacardiaceae","0.312881","0.679159","197.5","family","Anacardiaceae"
"genus","Opisthiolepis","Proteaceae","0.237798","0.80052","88","family","Proteaceae"
"genus","Oreocnide","Urticaceae","0.264232","0.788163","105.1","family","Urticaceae"
"genus","Oreopanax","Araliaceae","0.221779","0.730318","138.1","family","Araliaceae"
"genus","Ormosia","Fabaceae","0.221553","0.724785","90","genus","Ormosia"
"genus","Orophea","Annonaceae","0.485385","0.567258","126","family","Annonaceae"
"genus","Oroxylum","Bignoniaceae","0.280322","0.718885","137.3","family","Bignoniaceae"
"genus","Orthion","Violaceae","0.496565","0.5758","25.3","genus","Orthion"
"genus","Osmanthus","Oleaceae","0.223187","0.725236","41.8","genus","Osmanthus"
"genus","Ostodes","Euphorbiaceae","0.333664","0.60565","40.1","genus","Ostodes"
"genus","Ostrya","Betulaceae","0.555286","0.553554","145","family","Betulaceae"
"genus","Otoba","Myristicaceae","0.454828","0.613182","136.8","family","Myristicaceae"
"genus","Otonephelium","Sapindaceae","0.402324","0.640163","141.2","family","Sapindaceae"
"genus","Otopappus","Asteraceae","0.347503","0.646075","385","division","Angiosperm"
"genus","Ougeinia","Anacardiaceae","0.312881","0.679159","197.5","family","Anacardiaceae"
"genus","Ouratea","Ochnaceae","0.299755","0.719512","114.7","family","Ochnaceae"
"genus","Oxandra","Annonaceae","0.601835","0.641884","29","genus","Oxandra"
"genus","Oxydendrum","Ericaceae","0.570745","0.4646","149","family","Ericaceae"
"genus","Oxystigma","Fabaceae","0.35056","0.703454","246.4","family","Fabaceae"
"genus","Ozoroa","Anacardiaceae","0.312881","0.679159","197.5","family","Anacardiaceae"
"genus","Pachira","Malvaceae","0.33858","0.656564","247.7","family","Malvaceae"
"genus","Pachyelasma","Fabaceae","0.35056","0.703454","246.4","family","Fabaceae"
"genus","Pachypodium","Apocynaceae","0.329077","0.659122","186.2","family","Apocynaceae"
"genus","Palaquium","Sapotaceae","0.304784","0.75028","69.2","genus","Palaquium"
"genus","Palicourea","Rubiaceae","0.418989","0.548977","112","family","Rubiaceae"
"genus","Pancovia","Sapindaceae","0.401361","0.704426","35.7","genus","Pancovia"
"genus","Panda","Pandaceae","0.391569","0.683066","74.6","genus","Panda"
"genus","Pandanus","Pandanaceae","0.347503","0.646075","385","division","Angiosperm"
"genus","Pappea","Sapindaceae","0.402324","0.640163","141.2","family","Sapindaceae"
"genus","Paracroton","Euphorbiaceae","0.345755","0.614096","117","family","Euphorbiaceae"
"genus","Parahancornia","Apocynaceae","0.329077","0.659122","186.2","family","Apocynaceae"
"genus","Paranephelium","Sapindaceae","0.402324","0.640163","141.2","family","Sapindaceae"
"genus","Pararchidendron","Fabaceae","0.35056","0.703454","246.4","family","Fabaceae"
"genus","Parartocarpus","Moraceae","0.34763","0.654914","217.7","family","Moraceae"
"genus","Parashorea","Dipterocarpaceae","0.351397","0.634819","129.1","genus","Parashorea"
"genus","Parathesis","Primulaceae","0.396453","0.533411","65.5","family","Primulaceae"
"genus","Parinari","Chrysobalanaceae","0.490113","0.601551","99.9","family","Chrysobalanaceae"
"genus","Parishia","Anacardiaceae","0.312881","0.679159","197.5","family","Anacardiaceae"
"genus","Parkia","Fabaceae","0.415578","0.720005","130","genus","Parkia"
"genus","Parmentiera","Bignoniaceae","0.280322","0.718885","137.3","family","Bignoniaceae"
"genus","Paropsia","Passifloraceae","0.479259","0.588435","34","family","Passifloraceae"
"genus","Parrotia","Hamamelidaceae","0.468985","0.534323","44","genus","Parrotia"
"genus","Parsonsia","Apocynaceae","0.329077","0.659122","186.2","family","Apocynaceae"
"genus","Paulownia","Paulowniaceae","0.347503","0.646075","385","division","Angiosperm"
"genus","Pauridiantha","Rubiaceae","0.418989","0.548977","112","family","Rubiaceae"
"genus","Pausinystalia","Rubiaceae","0.462992","0.599632","66.7","genus","Pausinystalia"
"genus","Pavetta","Rubiaceae","0.418989","0.548977","112","family","Rubiaceae"
"genus","Payena","Sapotaceae","0.581933","0.463186","57.8","genus","Payena"
"genus","Peddiea","Thymelaeaceae","0.40676","0.583658","37.5","family","Thymelaeaceae"
"genus","Peltogyne","Fabaceae","0.35056","0.703454","246.4","family","Fabaceae"
"genus","Peltophorum","Fabaceae","0.35056","0.703454","246.4","family","Fabaceae"
"genus","Pennantia","Pennantiaceae","0.347503","0.646075","385","division","Angiosperm"
"genus","Pentace","Malvaceae","0.521731","0.490197","51.6","genus","Pentace"
"genus","Pentaclethra","Fabaceae","0.423221","0.698633","115.5","genus","Pentaclethra"
"genus","Pentadesma","Clusiaceae","0.338095","0.675771","77.4","family","Clusiaceae"
"genus","Pentaphylax","Pentaphylacaceae","0.278135","0.665268","40","genus","Pentaphylax"
"genus","Pentaspadon","Anacardiaceae","0.312881","0.679159","197.5","family","Anacardiaceae"
"genus","Perebea","Moraceae","0.34763","0.654914","217.7","family","Moraceae"
"genus","Pericopsis","Fabaceae","0.378785","0.805538","67.3","genus","Pericopsis"
"genus","Perrottetia","Dipentodontaceae","0.347503","0.646075","385","division","Angiosperm"
"genus","Persea","Lauraceae","0.348003","0.56008","80.7","genus","Persea"
"genus","Persoonia","Proteaceae","0.237798","0.80052","88","family","Proteaceae"
"genus","Pertusadina","Rubiaceae","0.418989","0.548977","112","family","Rubiaceae"
"genus","Petalostigma","Picrodendraceae","0.347503","0.646075","385","division","Angiosperm"
"genus","Petersianthus","Lecythidaceae","0.130555","0.946007","119.6","genus","Petersianthus"
"genus","Petraeovitex","Lamiaceae","0.344655","0.61105","77.5","family","Lamiaceae"
"genus","Phaeanthus","Annonaceae","0.485385","0.567258","126","family","Annonaceae"
"genus","Phellodendron","Rutaceae","0.336044","0.604387","120","family","Rutaceae"
"genus","Philenoptera","Fabaceae","0.304119","0.743832","43.7","genus","Philenoptera"
"genus","Phoebe","Lauraceae","0.339396","0.543261","132","genus","Phoebe"
"genus","Photinia","Rosaceae","0.509136","0.565611","33","genus","Photinia"
"genus","Phyllanthus","Phyllanthaceae","0.194619","0.73453","53.7","genus","Phyllanthus"
"genus","Phyllocladus","Podocarpaceae","0.34741","0.614147","266","family","Podocarpaceae"
"genus","Phyllocosmus","Ixonanthaceae","0.248074","0.655756","78.5","family","Ixonanthaceae"
"genus","Phyllostylon","Ulmaceae","0.627949","0.480158","40","genus","Phyllostylon"
"genus","Physalis","Solanaceae","0.347503","0.646075","385","division","Angiosperm"
"genus","Picea","Pinaceae","0.293218","0.59975","109","genus","Picea"
"genus","Picralima","Apocynaceae","0.329077","0.659122","186.2","family","Apocynaceae"
"genus","Picramnia","Picramniaceae","0.347503","0.646075","385","division","Angiosperm"
"genus","Pictetia","Fabaceae","0.35056","0.703454","246.4","family","Fabaceae"
"genus","Pieris","Ericaceae","0.570745","0.4646","149","family","Ericaceae"
"genus","Pilidiostigma","Myrtaceae","0.370999","0.569338","385","family","Myrtaceae"
"genus","Pilocarpus","Rutaceae","0.336044","0.604387","120","family","Rutaceae"
"genus","Pimelodendron","Euphorbiaceae","0.345755","0.614096","117","family","Euphorbiaceae"
"genus","Pinacopodium","Erythroxylaceae","0.347503","0.646075","385","division","Angiosperm"
"genus","Pinus","Pinaceae","0.207366","0.743674","130.5","genus","Pinus"
"genus","Piper","Piperaceae","0.347503","0.646075","385","division","Angiosperm"
"genus","Piptadenia","Fabaceae","0.35056","0.703454","246.4","family","Fabaceae"
"genus","Piptadeniastrum","Fabaceae","0.35056","0.703454","246.4","family","Fabaceae"
"genus","Piptocarpha","Asteraceae","0.347503","0.646075","385","division","Angiosperm"
"genus","Piptomeris","Fabaceae","0.35056","0.703454","246.4","family","Fabaceae"
"genus","Piranhea","Picrodendraceae","0.347503","0.646075","385","division","Angiosperm"
"genus","Piscidia","Fabaceae","0.270869","0.719548","58.2","genus","Piscidia"
"genus","Pisonia","Nyctaginaceae","0.864926","0.433189","24","genus","Pisonia"
"genus","Pistacia","Anacardiaceae","0.612594","0.363058","77","genus","Pistacia"
"genus","Pitaviaster","Rutaceae","0.336044","0.604387","120","family","Rutaceae"
"genus","Pithecellobium","Fabaceae","0.35056","0.703454","246.4","family","Fabaceae"
"genus","Pittosporum","Pittosporaceae","0.206113","0.848246","27.6","genus","Pittosporum"
"genus","Placospermum","Proteaceae","0.237798","0.80052","88","family","Proteaceae"
"genus","Plagiostyles","Euphorbiaceae","0.345755","0.614096","117","family","Euphorbiaceae"
"genus","Planchonella","Sapotaceae","0.290277","0.602242","35.7","genus","Planchonella"
"genus","Planchonia","Lecythidaceae","0.438676","0.596827","186.2","family","Lecythidaceae"
"genus","Planera","Ulmaceae","0.543514","0.584826","82","family","Ulmaceae"
"genus","Platanus","Platanaceae","0.411541","0.690911","71","genus","Platanus"
"genus","Platea","Metteniusaceae","0.346905","0.543355","39.5","genus","Platea"
"genus","Plathymenia","Fabaceae","0.35056","0.703454","246.4","family","Fabaceae"
"genus","Platycarya","Juglandaceae","0.184687","0.840949","72.6","family","Juglandaceae"
"genus","Platymiscium","Fabaceae","0.165458","0.897395","83","genus","Platymiscium"
"genus","Platypodium","Fabaceae","0.35056","0.703454","246.4","family","Fabaceae"
"genus","Pleioluma","Sapotaceae","0.412551","0.592546","180","family","Sapotaceae"
"genus","Pleradenophora","Euphorbiaceae","0.63071","0.606089","44.6","genus","Pleradenophora"
"genus","Pleuranthodendron","Salicaceae","0.362303","0.615443","103.5","family","Salicaceae"
"genus","Pleurostylia","Celastraceae","0.376232","0.66231","101.6","family","Celastraceae"
"genus","Plumeria","Apocynaceae","0.152592","0.956883","34.9","genus","Plumeria"
"genus","Podocarpus","Podocarpaceae","0.384581","0.595725","266","genus","Podocarpus"
"genus","Podopterus","Polygonaceae","0.347503","0.646075","385","division","Angiosperm"
"genus","Poecilanthe","Fabaceae","0.35056","0.703454","246.4","family","Fabaceae"
"genus","Poeppigia","Fabaceae","0.769577","0.44717","58.9","genus","Poeppigia"
"genus","Poitea","Fabaceae","0.35056","0.703454","246.4","family","Fabaceae"
"genus","Polyalthia","Annonaceae","0.491465","0.511161","41.8","genus","Polyalthia"
"genus","Polygala","Polygalaceae","0.395389","0.531684","60.3","family","Polygalaceae"
"genus","Polylepis","Rosaceae","0.439641","0.553616","100","family","Rosaceae"
"genus","Polyosma","Escalloniaceae","0.385088","0.49247","54","genus","Polyosma"
"genus","Polyscias","Araliaceae","0.221779","0.730318","138.1","family","Araliaceae"
"genus","Polyspora","Theaceae","0.308577","0.625259","73","family","Theaceae"
"genus","Pomaderris","Rhamnaceae","0.628407","0.52228","55.4","family","Rhamnaceae"
"genus","Pombalia","Violaceae","0.641656","0.483323","47.3","family","Violaceae"
"genus","Pometia","Sapindaceae","0.402324","0.640163","141.2","family","Sapindaceae"
"genus","Pongamia","Fabaceae","0.35056","0.703454","246.4","family","Fabaceae"
"genus","Popowia","Annonaceae","0.587678","0.511997","27.4","genus","Popowia"
"genus","Populus","Salicaceae","0.340641","0.625405","103.5","genus","Populus"
"genus","Porterandia","Rubiaceae","0.418989","0.548977","112","family","Rubiaceae"
"genus","Posoqueria","Rubiaceae","0.418989","0.548977","112","family","Rubiaceae"
"genus","Poulsenia","Moraceae","0.311648","0.735099","96.8","genus","Poulsenia"
"genus","Pourouma","Urticaceae","0.527517","0.615922","59.7","genus","Pourouma"
"genus","Pouteria","Sapotaceae","0.516891","0.529496","151.4","genus","Pouteria"
"genus","Pradosia","Sapotaceae","0.435742","0.548262","74.5","genus","Pradosia"
"genus","Prainea","Moraceae","0.34763","0.654914","217.7","family","Moraceae"
"genus","Premna","Lamiaceae","0.344655","0.61105","77.5","family","Lamiaceae"
"genus","Prioria","Fabaceae","0.55599","0.595808","140.3","genus","Prioria"
"genus","Prismatomeris","Rubiaceae","0.259017","0.608714","43.3","genus","Prismatomeris"
"genus","Prosopis","Fabaceae","0.35056","0.703454","246.4","family","Fabaceae"
"genus","Protium","Burseraceae","0.486368","0.593106","85.8","genus","Protium"
"genus","Protomegabaria","Phyllanthaceae","0.257811","0.775491","111.5","family","Phyllanthaceae"
"genus","Prumnopitys","Podocarpaceae","0.4715","0.504096","193","genus","Prumnopitys"
"genus","Prunus","Rosaceae","0.373481","0.662745","89","genus","Prunus"
"genus","Pseudobombax","Malvaceae","0.211237","0.72241","180","genus","Pseudobombax"
"genus","Pseudoclausena","Meliaceae","0.470551","0.57892","280.3","family","Meliaceae"
"genus","Pseudolachnostylis","Phyllanthaceae","0.18895","0.955568","84.7","genus","Pseudolachnostylis"
"genus","Pseudolmedia","Moraceae","0.53369","0.641527","53.7","genus","Pseudolmedia"
"genus","Pseudomorus","Moraceae","0.34763","0.654914","217.7","family","Moraceae"
"genus","Pseudopanax","Araliaceae","0.221779","0.730318","138.1","family","Araliaceae"
"genus","Pseudopiptadenia","Fabaceae","0.339563","0.696121","87","genus","Pseudopiptadenia"
"genus","Pseudosenefeldera","Euphorbiaceae","0.345755","0.614096","117","family","Euphorbiaceae"
"genus","Pseudotsuga","Pinaceae","0.283959","0.61799","152.9","genus","Pseudotsuga"
"genus","Pseudoweinmannia","Cunoniaceae","0.360003","0.728754","80.5","family","Cunoniaceae"
"genus","Pseudowintera","Winteraceae","0.347503","0.646075","385","division","Angiosperm"
"genus","Pseuduvaria","Annonaceae","0.485385","0.567258","126","family","Annonaceae"
"genus","Psidium","Myrtaceae","0.135356","0.968409","46","genus","Psidium"
"genus","Psorospermum","Hypericaceae","0.290452","0.639168","58","family","Hypericaceae"
"genus","Psychotria","Rubiaceae","0.367342","0.525731","65","genus","Psychotria"
"genus","Psydrax","Rubiaceae","0.357762","0.529255","38.6","genus","Psydrax"
"genus","Pteleopsis","Combretaceae","0.352803","0.687025","191","family","Combretaceae"
"genus","Pternandra","Melastomataceae","0.510018","0.547054","49.7","family","Melastomataceae"
"genus","Pterocarpus","Fabaceae","0.280956","0.803678","184","genus","Pterocarpus"
"genus","Pterocymbium","Malvaceae","0.33858","0.656564","247.7","family","Malvaceae"
"genus","Pterodon","Fabaceae","0.35056","0.703454","246.4","family","Fabaceae"
"genus","Pterospermum","Malvaceae","0.21851","0.704292","59.4","genus","Pterospermum"
"genus","Pterygota","Malvaceae","0.229848","0.773826","93.8","genus","Pterygota"
"genus","Ptychopyxis","Euphorbiaceae","0.345755","0.614096","117","family","Euphorbiaceae"
"genus","Pullea","Cunoniaceae","0.360003","0.728754","80.5","family","Cunoniaceae"
"genus","Purshia","Rosaceae","0.439641","0.553616","100","family","Rosaceae"
"genus","Putranjiva","Putranjivaceae","0.349585","0.668577","72.5","family","Putranjivaceae"
"genus","Pycnanthus","Myristicaceae","0.0939796","1.01154","124.2","genus","Pycnanthus"
"genus","Pyrenaria","Theaceae","0.308577","0.625259","73","family","Theaceae"
"genus","Pyrularia","Santalaceae","0.484149","0.400661","41.3","family","Santalaceae"
"genus","Pyrus","Rosaceae","0.166227","0.758089","67","genus","Pyrus"
"genus","Quadrella","Capparaceae","0.424526","0.641655","33.3","genus","Quadrella"
"genus","Qualea","Vochysiaceae","0.279541","0.763347","95","genus","Qualea"
"genus","Quararibea","Malvaceae","0.511155","0.581627","108.2","genus","Quararibea"
"genus","Quassia","Simaroubaceae","0.120321","0.928459","68.2","genus","Quassia"
"genus","Quercus","Fagaceae","0.17238","0.83828","203.7","genus","Quercus"
"genus","Quiina","Ochnaceae","0.299755","0.719512","114.7","family","Ochnaceae"
"genus","Quintinia","Paracryphiaceae","0.347503","0.646075","385","division","Angiosperm"
"genus","Racosperma","Fabaceae","0.35056","0.703454","246.4","family","Fabaceae"
"genus","Radermachera","Bignoniaceae","0.164285","0.735325","44","genus","Radermachera"
"genus","Radlkofera","Sapindaceae","0.402324","0.640163","141.2","family","Sapindaceae"
"genus","Randia","Rubiaceae","0.646707","0.441624","26.2","genus","Randia"
"genus","Rapanea","Primulaceae","0.608234","0.475049","52.4","genus","Rapanea"
"genus","Rauvolfia","Apocynaceae","0.329077","0.659122","186.2","family","Apocynaceae"
"genus","Rawsonia","Achariaceae","0.332336","0.688604","80.9","family","Achariaceae"
"genus","Recchia","Surianaceae","0.347503","0.646075","385","division","Angiosperm"
"genus","Reevesia","Malvaceae","0.238585","0.655592","41","genus","Reevesia"
"genus","Reinwardtiodendron","Meliaceae","0.654244","0.55442","32.5","genus","Reinwardtiodendron"
"genus","Retrophyllum","Podocarpaceae","0.34741","0.614147","266","family","Podocarpaceae"
"genus","Reynosia","Rhamnaceae","0.628407","0.52228","55.4","family","Rhamnaceae"
"genus","Rhabdodendron","Rhabdodendraceae","0.347503","0.646075","385","division","Angiosperm"
"genus","Rhamnella","Rhamnaceae","0.628407","0.52228","55.4","family","Rhamnaceae"
"genus","Rhamnus","Rhamnaceae","0.575636","0.607589","25","genus","Rhamnus"
"genus","Rhaphiolepis","Rosaceae","0.439641","0.553616","100","family","Rosaceae"
"genus","Rhizophora","Rhizophoraceae","0.36381","0.736927","82.7","genus","Rhizophora"
"genus","Rhodamnia","Myrtaceae","0.329446","0.546301","39.2","genus","Rhodamnia"
"genus","Rhododendron","Ericaceae","0.40671","0.581779","27.5","genus","Rhododendron"
"genus","Rhodoleia","Hamamelidaceae","0.965173","0.387314","44","family","Hamamelidaceae"
"genus","Rhodomyrtus","Myrtaceae","0.370999","0.569338","385","family","Myrtaceae"
"genus","Rhodotypos","Rosaceae","0.439641","0.553616","100","family","Rosaceae"
"genus","Rhus","Anacardiaceae","0.312881","0.679159","197.5","family","Anacardiaceae"
"genus","Ricinodendron","Euphorbiaceae","0.345755","0.614096","117","family","Euphorbiaceae"
"genus","Rinorea","Violaceae","0.646484","0.483268","47.3","genus","Rinorea"
"genus","Rinoreocarpus","Violaceae","0.641656","0.483323","47.3","family","Violaceae"
"genus","Robinia","Fabaceae","0.428725","0.561226","48.4","genus","Robinia"
"genus","Robinsonella","Malvaceae","0.33858","0.656564","247.7","family","Malvaceae"
"genus","Rochefortia","Boraginaceae","0.425924","0.564563","106.3","family","Boraginaceae"
"genus","Rockinghamia","Euphorbiaceae","0.345755","0.614096","117","family","Euphorbiaceae"
"genus","Rollinia","Annonaceae","0.485385","0.567258","126","family","Annonaceae"
"genus","Rondeletia","Rubiaceae","0.418989","0.548977","112","family","Rubiaceae"
"genus","Rothmannia","Rubiaceae","0.418989","0.548977","112","family","Rubiaceae"
"genus","Roucheria","Linaceae","0.347503","0.646075","385","division","Angiosperm"
"genus","Roupala","Proteaceae","0.237798","0.80052","88","family","Proteaceae"
"genus","Rourea","Connaraceae","0.322748","0.585382","37.3","family","Connaraceae"
"genus","Rubus","Rosaceae","0.439641","0.553616","100","family","Rosaceae"
"genus","Ruprechtia","Polygonaceae","0.347503","0.646075","385","division","Angiosperm"
"genus","Ryania","Salicaceae","0.362303","0.615443","103.5","family","Salicaceae"
"genus","Ryparosa","Achariaceae","0.332336","0.688604","80.9","family","Achariaceae"
"genus","Sacoglottis","Humiriaceae","0.294895","0.739458","98.5","genus","Sacoglottis"
"genus","Sageraea","Annonaceae","0.485385","0.567258","126","family","Annonaceae"
"genus","Sageretia","Rhamnaceae","0.628407","0.52228","55.4","family","Rhamnaceae"
"genus","Sagotia","Euphorbiaceae","0.345755","0.614096","117","family","Euphorbiaceae"
"genus","Salacia","Celastraceae","0.376232","0.66231","101.6","family","Celastraceae"
"genus","Salix","Salicaceae","0.418346","0.566406","33","genus","Salix"
"genus","Salvertia","Vochysiaceae","0.287582","0.729449","125.7","family","Vochysiaceae"
"genus","Sambucus","Adoxaceae","0.347503","0.646075","385","division","Angiosperm"
"genus","Samyda","Salicaceae","0.362303","0.615443","103.5","family","Salicaceae"
"genus","Sandoricum","Meliaceae","0.470551","0.57892","280.3","family","Meliaceae"
"genus","Santalum","Santalaceae","0.484149","0.400661","41.3","family","Santalaceae"
"genus","Santiria","Burseraceae","0.392677","0.680358","93","genus","Santiria"
"genus","Sapindus","Sapindaceae","0.552233","0.506209","47","genus","Sapindus"
"genus","Sapium","Euphorbiaceae","0.230762","0.772819","77.7","genus","Sapium"
"genus","Sapranthus","Annonaceae","0.485385","0.567258","126","family","Annonaceae"
"genus","Saprosma","Rubiaceae","0.418989","0.548977","112","family","Rubiaceae"
"genus","Saraca","Fabaceae","0.35056","0.703454","246.4","family","Fabaceae"
"genus","Sarcobatus","Sarcobataceae","0.347503","0.646075","385","division","Angiosperm"
"genus","Sarcomelicope","Rutaceae","0.336044","0.604387","120","family","Rutaceae"
"genus","Sarcomphalus","Rhamnaceae","0.628407","0.52228","55.4","family","Rhamnaceae"
"genus","Sarcopteryx","Sapindaceae","0.402324","0.640163","141.2","family","Sapindaceae"
"genus","Sarcosperma","Sapotaceae","0.247549","0.618743","61","genus","Sarcosperma"
"genus","Sarcotheca","Oxalidaceae","0.347503","0.646075","385","division","Angiosperm"
"genus","Sarcotoechia","Sapindaceae","0.402324","0.640163","141.2","family","Sapindaceae"
"genus","Sassafras","Lauraceae","0.366629","0.634059","51.4","genus","Sassafras"
"genus","Saurauia","Actinidiaceae","0.268072","0.726156","48","genus","Saurauia"
"genus","Savia","Phyllanthaceae","0.257811","0.775491","111.5","family","Phyllanthaceae"
"genus","Scaphium","Malvaceae","0.435334","0.584068","97.4","genus","Scaphium"
"genus","Scaphocalyx","Achariaceae","0.332336","0.688604","80.9","family","Achariaceae"
"genus","Scaphopetalum","Malvaceae","0.33858","0.656564","247.7","family","Malvaceae"
"genus","Schaefferia","Celastraceae","0.376232","0.66231","101.6","family","Celastraceae"
"genus","Schefflera","Araliaceae","0.166656","0.803168","138.1","genus","Schefflera"
"genus","Schima","Theaceae","0.251341","0.692758","73","genus","Schima"
"genus","Schinziophyton","Euphorbiaceae","0.345755","0.614096","117","family","Euphorbiaceae"
"genus","Schizocalyx","Rubiaceae","0.418989","0.548977","112","family","Rubiaceae"
"genus","Schizolobium","Fabaceae","0.35056","0.703454","246.4","family","Fabaceae"
"genus","Schizomeria","Cunoniaceae","0.360003","0.728754","80.5","family","Cunoniaceae"
"genus","Schleichera","Sapindaceae","0.402324","0.640163","141.2","family","Sapindaceae"
"genus","Schoepfia","Schoepfiaceae","0.420251","0.565676","23.1","genus","Schoepfia"
"genus","Schoutenia","Malvaceae","0.33858","0.656564","247.7","family","Malvaceae"
"genus","Schumacheria","Dilleniaceae","0.41531","0.507868","66","family","Dilleniaceae"
"genus","Sclerocarya","Anacardiaceae","0.389437","0.698953","98.4","genus","Sclerocarya"
"genus","Sclerolobium","Fabaceae","0.35056","0.703454","246.4","family","Fabaceae"
"genus","Scleropyrum","Santalaceae","0.308798","0.608053","41.3","genus","Scleropyrum"
"genus","Scolopia","Salicaceae","0.339279","0.570357","56.6","genus","Scolopia"
"genus","Scorodocarpus","Olacaceae","0.50961","0.592203","103","family","Olacaceae"
"genus","Scorodophloeus","Fabaceae","0.35056","0.703454","246.4","family","Fabaceae"
"genus","Scottellia","Achariaceae","0.332336","0.688604","80.9","family","Achariaceae"
"genus","Scyphiphora","Rubiaceae","0.418989","0.548977","112","family","Rubiaceae"
"genus","Scyphocephalium","Myristicaceae","0.454828","0.613182","136.8","family","Myristicaceae"
"genus","Scytopetalum","Lecythidaceae","0.438676","0.596827","186.2","family","Lecythidaceae"
"genus","Searsia","Anacardiaceae","0.312881","0.679159","197.5","family","Anacardiaceae"
"genus","Sebastiania","Euphorbiaceae","0.345755","0.614096","117","family","Euphorbiaceae"
"genus","Securidaca","Polygalaceae","0.395389","0.531684","60.3","family","Polygalaceae"
"genus","Securinega","Phyllanthaceae","0.257811","0.775491","111.5","family","Phyllanthaceae"
"genus","Semecarpus","Anacardiaceae","0.312881","0.679159","197.5","family","Anacardiaceae"
"genus","Semialarium","Celastraceae","0.278817","0.585454","25","genus","Semialarium"
"genus","Senegalia","Fabaceae","0.403364","0.642915","94.9","genus","Senegalia"
"genus","Senna","Fabaceae","0.409149","0.596026","26.6","genus","Senna"
"genus","Sequoia","Cupressaceae","0.385224","0.556493","770","family","Cupressaceae"
"genus","Sequoiadendron","Cupressaceae","0.385224","0.556493","770","family","Cupressaceae"
"genus","Sextonia","Lauraceae","0.495826","0.494061","195","family","Lauraceae"
"genus","Shirakiopsis","Euphorbiaceae","0.345755","0.614096","117","family","Euphorbiaceae"
"genus","Shorea","Dipterocarpaceae","0.417237","0.60057","212","genus","Shorea"
"genus","Sideroxylon","Sapotaceae","0.690915","0.451987","53.8","genus","Sideroxylon"
"genus","Simarouba","Simaroubaceae","0.43358","0.611735","78.9","genus","Simarouba"
"genus","Simira","Rubiaceae","0.418989","0.548977","112","family","Rubiaceae"
"genus","Sindora","Fabaceae","0.280385","0.707213","102.9","genus","Sindora"
"genus","Singaporandia","Rubiaceae","0.418989","0.548977","112","family","Rubiaceae"
"genus","Sinoadina","Rubiaceae","0.418989","0.548977","112","family","Rubiaceae"
"genus","Siparuna","Siparunaceae","0.347503","0.646075","385","division","Angiosperm"
"genus","Siphonodon","Celastraceae","0.376232","0.66231","101.6","family","Celastraceae"
"genus","Sloanea","Elaeocarpaceae","0.39417","0.672781","124.7","genus","Sloanea"
"genus","Sonneratia","Lythraceae","0.261642","0.632124","59.5","family","Lythraceae"
"genus","Sophora","Fabaceae","0.35056","0.703454","246.4","family","Fabaceae"
"genus","Sorbus","Rosaceae","0.763437","0.395865","67","genus","Sorbus"
"genus","Sorindeia","Anacardiaceae","0.312881","0.679159","197.5","family","Anacardiaceae"
"genus","Sorocea","Moraceae","0.34763","0.654914","217.7","family","Moraceae"
"genus","Spathandra","Melastomataceae","0.510018","0.547054","49.7","family","Melastomataceae"
"genus","Spathiostemon","Euphorbiaceae","0.345755","0.614096","117","family","Euphorbiaceae"
"genus","Spathodea","Bignoniaceae","0.280322","0.718885","137.3","family","Bignoniaceae"
"genus","Sphalmium","Proteaceae","0.237798","0.80052","88","family","Proteaceae"
"genus","Sphenostemon","Paracryphiaceae","0.347503","0.646075","385","division","Angiosperm"
"genus","Spondias","Anacardiaceae","0.174467","0.891587","104.5","genus","Spondias"
"genus","Staudtia","Myristicaceae","0.152364","0.87803","93.1","genus","Staudtia"
"genus","Steganotaenia","Apiaceae","0.347503","0.646075","385","division","Angiosperm"
"genus","Steganthera","Monimiaceae","0.814479","0.417823","112","family","Monimiaceae"
"genus","Stemonocoleus","Fabaceae","0.35056","0.703454","246.4","family","Fabaceae"
"genus","Stemonurus","Stemonuraceae","0.347503","0.646075","385","division","Angiosperm"
"genus","Stenocarpus","Proteaceae","0.237798","0.80052","88","family","Proteaceae"
"genus","Stenostomum","Rubiaceae","0.418989","0.548977","112","family","Rubiaceae"
"genus","Sterculia","Malvaceae","0.230514","0.763121","207.5","genus","Sterculia"
"genus","Stereospermum","Bignoniaceae","0.164629","0.816086","21","genus","Stereospermum"
"genus","Storckiella","Fabaceae","0.35056","0.703454","246.4","family","Fabaceae"
"genus","Streblus","Moraceae","0.32008","0.60805","38.4","genus","Streblus"
"genus","Strephonema","Combretaceae","0.352803","0.687025","191","family","Combretaceae"
"genus","Strobilanthes","Acanthaceae","0.323693","0.590213","103.3","family","Acanthaceae"
"genus","Strombosia","Olacaceae","0.403939","0.648287","73.8","genus","Strombosia"
"genus","Strombosiopsis","Olacaceae","0.50961","0.592203","103","family","Olacaceae"
"genus","Strychnos","Loganiaceae","0.145226","1.02949","47.4","genus","Strychnos"
"genus","Stryphnodendron","Fabaceae","0.289071","0.733489","86.3","genus","Stryphnodendron"
"genus","Styphelia","Ericaceae","0.570745","0.4646","149","family","Ericaceae"
"genus","Styphnolobium","Fabaceae","0.236546","0.7894","48.4","genus","Styphnolobium"
"genus","Styrax","Styracaceae","0.311857","0.603527","50.5","genus","Styrax"
"genus","Sundacarpus","Podocarpaceae","0.34741","0.614147","266","family","Podocarpaceae"
"genus","Suregada","Euphorbiaceae","0.196731","0.773685","28","genus","Suregada"
"genus","Swartzia","Fabaceae","0.322497","0.730782","86","genus","Swartzia"
"genus","Swertia","Gentianaceae","0.317061","0.676834","66.2","family","Gentianaceae"
"genus","Swietenia","Meliaceae","0.470551","0.57892","280.3","family","Meliaceae"
"genus","Swintonia","Anacardiaceae","0.312881","0.679159","197.5","family","Anacardiaceae"
"genus","Symphonia","Clusiaceae","1.1627","0.347732","75.2","genus","Symphonia"
"genus","Symphoricarpos","Caprifoliaceae","0.347503","0.646075","385","division","Angiosperm"
"genus","Symplocos","Symplocaceae","0.450032","0.462329","60.4","genus","Symplocos"
"genus","Syncarpia","Myrtaceae","0.370999","0.569338","385","family","Myrtaceae"
"genus","Syndiclis","Lauraceae","0.495826","0.494061","195","family","Lauraceae"
"genus","Synima","Sapindaceae","0.402324","0.640163","141.2","family","Sapindaceae"
"genus","Synoum","Meliaceae","0.470551","0.57892","280.3","family","Meliaceae"
"genus","Synsepalum","Sapotaceae","0.412551","0.592546","180","family","Sapotaceae"
"genus","Syzygium","Myrtaceae","0.364688","0.591583","189","genus","Syzygium"
"genus","Tabebuia","Bignoniaceae","0.425961","0.700237","108.9","genus","Tabebuia"
"genus","Tabernaemontana","Apocynaceae","0.323844","0.685835","95","genus","Tabernaemontana"
"genus","Tachigali","Fabaceae","0.442256","0.646104","95.6","genus","Tachigali"
"genus","Talisia","Sapindaceae","0.402324","0.640163","141.2","family","Sapindaceae"
"genus","Tamarindus","Fabaceae","0.35056","0.703454","246.4","family","Fabaceae"
"genus","Tambourissa","Monimiaceae","0.814479","0.417823","112","family","Monimiaceae"
"genus","Taonabo","Pentaphylacaceae","0.337754","0.572801","112","family","Pentaphylacaceae"
"genus","Tapeinosperma","Primulaceae","0.396453","0.533411","65.5","family","Primulaceae"
"genus","Tapirira","Anacardiaceae","0.251196","0.803806","66.6","genus","Tapirira"
"genus","Tapoides","Euphorbiaceae","0.345755","0.614096","117","family","Euphorbiaceae"
"genus","Tapura","Dichapetalaceae","0.347503","0.646075","385","division","Angiosperm"
"genus","Tarenna","Rubiaceae","0.316315","0.566867","29","genus","Tarenna"
"genus","Tarennoidea","Rubiaceae","0.536594","0.346477","47.8","genus","Tarennoidea"
"genus","Tarrietia","Malvaceae","0.33858","0.656564","247.7","family","Malvaceae"
"genus","Tasmannia","Winteraceae","0.347503","0.646075","385","division","Angiosperm"
"genus","Taxodium","Cupressaceae","0.385224","0.556493","770","family","Cupressaceae"
"genus","Taxus","Taxaceae","0.228162","0.708135","770","division","Gymnosperm"
"genus","Tecoma","Bignoniaceae","0.280322","0.718885","137.3","family","Bignoniaceae"
"genus","Tectona","Lamiaceae","0.0394486","1.23936","37.1","genus","Tectona"
"genus","Teijsmanniodendron","Lamiaceae","0.344655","0.61105","77.5","family","Lamiaceae"
"genus","Terminalia","Combretaceae","0.347746","0.672585","191","genus","Terminalia"
"genus","Ternstroemia","Pentaphylacaceae","0.357613","0.637913","58.5","genus","Ternstroemia"
"genus","Tessmannia","Fabaceae","0.0845509","1.09647","83.5","genus","Tessmannia"
"genus","Tetraberlinia","Fabaceae","0.35056","0.703454","246.4","family","Fabaceae"
"genus","Tetractomia","Rutaceae","0.336044","0.604387","120","family","Rutaceae"
"genus","Tetradium","Rutaceae","0.29608","0.587689","48.5","genus","Tetradium"
"genus","Tetragastris","Burseraceae","0.393742","0.642161","140.3","genus","Tetragastris"
"genus","Tetrameles","Tetramelaceae","0.347503","0.646075","385","division","Angiosperm"
"genus","Tetramerista","Tetrameristaceae","0.347503","0.646075","385","division","Angiosperm"
"genus","Tetranthera","Lauraceae","0.495826","0.494061","195","family","Lauraceae"
"genus","Tetrapleura","Fabaceae","0.35056","0.703454","246.4","family","Fabaceae"
"genus","Tetrardisia","Primulaceae","0.396453","0.533411","65.5","family","Primulaceae"
"genus","Tetrorchidium","Euphorbiaceae","0.345755","0.614096","117","family","Euphorbiaceae"
"genus","Theobroma","Malvaceae","0.704773","0.447169","61","genus","Theobroma"
"genus","Thevetia","Apocynaceae","0.329077","0.659122","186.2","family","Apocynaceae"
"genus","Thomandersia","Thomandersiaceae","0.347503","0.646075","385","division","Angiosperm"
"genus","Thouinia","Sapindaceae","0.402324","0.640163","141.2","family","Sapindaceae"
"genus","Thouinidium","Sapindaceae","0.402324","0.640163","141.2","family","Sapindaceae"
"genus","Thuja","Cupressaceae","0.468332","0.482419","69.4","genus","Thuja"
"genus","Thujopsis","Cupressaceae","0.385224","0.556493","770","family","Cupressaceae"
"genus","Thyrsodium","Anacardiaceae","0.312881","0.679159","197.5","family","Anacardiaceae"
"genus","Tieghemella","Sapotaceae","0.412551","0.592546","180","family","Sapotaceae"
"genus","Tilia","Malvaceae","0.461014","0.557953","166","genus","Tilia"
"genus","Timonius","Rubiaceae","0.418989","0.548977","112","family","Rubiaceae"
"genus","Tisonia","Salicaceae","0.362303","0.615443","103.5","family","Salicaceae"
"genus","Tocoyena","Rubiaceae","0.418989","0.548977","112","family","Rubiaceae"
"genus","Toddalia","Rutaceae","0.336044","0.604387","120","family","Rutaceae"
"genus","Toechima","Sapindaceae","0.402324","0.640163","141.2","family","Sapindaceae"
"genus","Tonduzia","Apocynaceae","0.329077","0.659122","186.2","family","Apocynaceae"
"genus","Toona","Meliaceae","0.490607","0.586178","60.7","genus","Toona"
"genus","Tournefortia","Boraginaceae","0.425924","0.564563","106.3","family","Boraginaceae"
"genus","Toxicodendron","Anacardiaceae","0.388503","0.547807","36","genus","Toxicodendron"
"genus","Trattinnickia","Burseraceae","0.263503","0.716147","150.6","family","Burseraceae"
"genus","Treculia","Moraceae","0.34763","0.654914","217.7","family","Moraceae"
"genus","Trema","Cannabaceae","0.282755","0.715559","64","genus","Trema"
"genus","Trevesia","Araliaceae","0.221779","0.730318","138.1","family","Araliaceae"
"genus","Trevia","Euphorbiaceae","0.345755","0.614096","117","family","Euphorbiaceae"
"genus","Triadica","Euphorbiaceae","0.224747","0.690868","37.4","genus","Triadica"
"genus","Tricalysia","Rubiaceae","0.418989","0.548977","112","family","Rubiaceae"
"genus","Trichilia","Meliaceae","0.504981","0.561765","86.5","genus","Trichilia"
"genus","Trichoscypha","Anacardiaceae","0.312881","0.679159","197.5","family","Anacardiaceae"
"genus","Trichospermum","Malvaceae","0.33858","0.656564","247.7","family","Malvaceae"
"genus","Trigoniastrum","Trigoniaceae","0.347503","0.646075","385","division","Angiosperm"
"genus","Trigonobalanus","Fagaceae","0.214181","0.780644","222.9","family","Fagaceae"
"genus","Trigonostemon","Euphorbiaceae","0.345755","0.614096","117","family","Euphorbiaceae"
"genus","Trilepisium","Moraceae","0.34763","0.654914","217.7","family","Moraceae"
"genus","Triplaris","Polygonaceae","0.347503","0.646075","385","division","Angiosperm"
"genus","Triplochiton","Malvaceae","0.33858","0.656564","247.7","family","Malvaceae"
"genus","Tristaniopsis","Myrtaceae","0.42735","0.614695","74.8","genus","Tristaniopsis"
"genus","Tristiropsis","Sapindaceae","0.402324","0.640163","141.2","family","Sapindaceae"
"genus","Tritaxis","Euphorbiaceae","0.345755","0.614096","117","family","Euphorbiaceae"
"genus","Trochocarpa","Ericaceae","0.570745","0.4646","149","family","Ericaceae"
"genus","Trophis","Moraceae","0.34763","0.654914","217.7","family","Moraceae"
"genus","Tsuga","Pinaceae","0.560284","0.510183","101.8","genus","Tsuga"
"genus","Turnera","Passifloraceae","0.479259","0.588435","34","family","Passifloraceae"
"genus","Turpinia","Staphyleaceae","0.415462","0.625895","55.4","genus","Turpinia"
"genus","Turraeanthus","Meliaceae","0.470551","0.57892","280.3","family","Meliaceae"
"genus","Uapaca","Phyllanthaceae","0.456685","0.695091","101.3","genus","Uapaca"
"genus","Ulmus","Ulmaceae","0.526593","0.593973","82","genus","Ulmus"
"genus","Uncaria","Rubiaceae","0.418989","0.548977","112","family","Rubiaceae"
"genus","Unonopsis","Annonaceae","0.485385","0.567258","126","family","Annonaceae"
"genus","Urera","Urticaceae","0.264232","0.788163","105.1","family","Urticaceae"
"genus","Urophyllum","Rubiaceae","0.618098","0.418129","22.9","genus","Urophyllum"
"genus","Uvariastrum","Annonaceae","0.485385","0.567258","126","family","Annonaceae"
"genus","Vaccinium","Ericaceae","0.570745","0.4646","149","family","Ericaceae"
"genus","Vachellia","Fabaceae","0.324558","0.716781","54","genus","Vachellia"
"genus","Van-royena","Sapotaceae","0.412551","0.592546","180","family","Sapotaceae"
"genus","Vangueria","Rubiaceae","0.418989","0.548977","112","family","Rubiaceae"
"genus","Vangueriopsis","Rubiaceae","0.418989","0.548977","112","family","Rubiaceae"
"genus","Vatairea","Fabaceae","0.35056","0.703454","246.4","family","Fabaceae"
"genus","Vataireopsis","Fabaceae","0.35056","0.703454","246.4","family","Fabaceae"
"genus","Vateria","Dipterocarpaceae","0.182191","0.882214","120.7","genus","Vateria"
"genus","Vatica","Dipterocarpaceae","0.270779","0.632887","59.8","genus","Vatica"
"genus","Vavaea","Meliaceae","0.470551","0.57892","280.3","family","Meliaceae"
"genus","Vepris","Rutaceae","0.336044","0.604387","120","family","Rutaceae"
"genus","Vernicia","Euphorbiaceae","0.345755","0.614096","117","family","Euphorbiaceae"
"genus","Vernonanthura","Asteraceae","0.347503","0.646075","385","division","Angiosperm"
"genus","Verticordia","Myrtaceae","0.370999","0.569338","385","family","Myrtaceae"
"genus","Viburnum","Adoxaceae","0.347503","0.646075","385","division","Angiosperm"
"genus","Virola","Myristicaceae","0.421716","0.615222","98.4","genus","Virola"
"genus","Vismia","Hypericaceae","0.810825","0.453688","58","genus","Vismia"
"genus","Vitellaria","Sapotaceae","0.412551","0.592546","180","family","Sapotaceae"
"genus","Vitex","Lamiaceae","0.266314","0.735113","77.5","genus","Vitex"
"genus","Voacanga","Apocynaceae","0.329077","0.659122","186.2","family","Apocynaceae"
"genus","Vochysia","Vochysiaceae","0.302208","0.70572","85.3","genus","Vochysia"
"genus","Vouacapoua","Fabaceae","0.35056","0.703454","246.4","family","Fabaceae"
"genus","Walsura","Meliaceae","0.554759","0.406062","35.7","genus","Walsura"
"genus","Wedelia","Asteraceae","0.347503","0.646075","385","division","Angiosperm"
"genus","Weinmannia","Cunoniaceae","0.360003","0.728754","80.5","family","Cunoniaceae"
"genus","Wendlandia","Rubiaceae","0.398173","0.489218","60.5","genus","Wendlandia"
"genus","Wikstroemia","Thymelaeaceae","0.40676","0.583658","37.5","family","Thymelaeaceae"
"genus","Wilkiea","Monimiaceae","0.814479","0.417823","112","family","Monimiaceae"
"genus","Wisteria","Fabaceae","0.35056","0.703454","246.4","family","Fabaceae"
"genus","Woodfordia","Lythraceae","0.261642","0.632124","59.5","family","Lythraceae"
"genus","Wrightia","Apocynaceae","0.288903","0.590976","43","genus","Wrightia"
"genus","Xanthophyllum","Polygalaceae","0.395593","0.532203","60.3","genus","Xanthophyllum"
"genus","Xanthostemon","Myrtaceae","0.644299","0.37716","29.9","genus","Xanthostemon"
"genus","Xantolis","Sapotaceae","0.412551","0.592546","180","family","Sapotaceae"
"genus","Xeroderris","Fabaceae","0.35056","0.703454","246.4","family","Fabaceae"
"genus","Xerospermum","Sapindaceae","0.402324","0.640163","141.2","family","Sapindaceae"
"genus","Ximenia","Olacaceae","0.306335","0.80052","28.8","genus","Ximenia"
"genus","Xylia","Fabaceae","0.35056","0.703454","246.4","family","Fabaceae"
"genus","Xylopia","Annonaceae","0.466614","0.637181","86.2","genus","Xylopia"
"genus","Xymalos","Monimiaceae","0.834884","0.410701","112","genus","Xymalos"
"genus","Zanha","Sapindaceae","0.402324","0.640163","141.2","family","Sapindaceae"
"genus","Zanthoxylum","Rutaceae","0.29046","0.74097","81.8","genus","Zanthoxylum"
"genus","Zapoteca","Fabaceae","0.35056","0.703454","246.4","family","Fabaceae"
"genus","Zelkova","Ulmaceae","0.274196","0.717453","34.6","genus","Zelkova"
"genus","Ziziphus","Rhamnaceae","0.628407","0.52228","55.4","family","Rhamnaceae"
"genus","Zollernia","Fabaceae","0.35056","0.703454","246.4","family","Fabaceae"
"genus","Zuelania","Salicaceae","0.362303","0.615443","103.5","family","Salicaceae"
"genus","Zygia","Fabaceae","0.220583","0.79094","50.3","genus","Zygia"
"genus","Zygogynum","Winteraceae","0.347503","0.646075","385","division","Angiosperm"
"family","Acanthaceae","Acanthaceae","0.323693","0.590213","103.3","family","Acanthaceae"
"family","Achariaceae","Achariaceae","0.332336","0.688604","80.9","family","Achariaceae"
"family","Actinidiaceae","Actinidiaceae","0.268072","0.726156","48","family","Actinidiaceae"
"family","Altingiaceae","Altingiaceae","0.355239","0.638188","80.5","family","Altingiaceae"
"family","Anacardiaceae","Anacardiaceae","0.312881","0.679159","197.5","family","Anacardiaceae"
"family","Annonaceae","Annonaceae","0.485385","0.567258","126","family","Annonaceae"
"family","Apocynaceae","Apocynaceae","0.329077","0.659122","186.2","family","Apocynaceae"
"family","Aquifoliaceae","Aquifoliaceae","0.593439","0.501246","87.1","family","Aquifoliaceae"
"family","Araliaceae","Araliaceae","0.221779","0.730318","138.1","family","Araliaceae"
"family","Asparagaceae","Asparagaceae","0.381198","0.566072","82.2","family","Asparagaceae"
"family","Betulaceae","Betulaceae","0.555286","0.553554","145","family","Betulaceae"
"family","Bignoniaceae","Bignoniaceae","0.280322","0.718885","137.3","family","Bignoniaceae"
"family","Bixaceae","Bixaceae","0.182015","0.673584","40.5","family","Bixaceae"
"family","Boraginaceae","Boraginaceae","0.425924","0.564563","106.3","family","Boraginaceae"
"family","Burseraceae","Burseraceae","0.263503","0.716147","150.6","family","Burseraceae"
"family","Calophyllaceae","Calophyllaceae","0.429355","0.665366","163","family","Calophyllaceae"
"family","Cannabaceae","Cannabaceae","0.298359","0.681664","180","family","Cannabaceae"
"family","Capparaceae","Capparaceae","0.542657","0.432976","33.3","family","Capparaceae"
"family","Cardiopteridaceae","Cardiopteridaceae","0.416676","0.508211","38","family","Cardiopteridaceae"
"family","Caricaceae","Caricaceae","0.32757","0.54408","81.8","family","Caricaceae"
"family","Caryocaraceae","Caryocaraceae","0.530185","0.591919","164","family","Caryocaraceae"
"family","Celastraceae","Celastraceae","0.376232","0.66231","101.6","family","Celastraceae"
"family","Chrysobalanaceae","Chrysobalanaceae","0.490113","0.601551","99.9","family","Chrysobalanaceae"
"family","Clethraceae","Clethraceae","0.465686","0.631036","59.4","family","Clethraceae"
"family","Clusiaceae","Clusiaceae","0.338095","0.675771","77.4","family","Clusiaceae"
"family","Combretaceae","Combretaceae","0.352803","0.687025","191","family","Combretaceae"
"family","Connaraceae","Connaraceae","0.322748","0.585382","37.3","family","Connaraceae"
"family","Cornaceae","Cornaceae","0.289292","0.757634","55","family","Cornaceae"
"family","Ctenolophonaceae","Ctenolophonaceae","0.576643","0.566695","184","family","Ctenolophonaceae"
"family","Cunoniaceae","Cunoniaceae","0.360003","0.728754","80.5","family","Cunoniaceae"
"family","Cupressaceae","Cupressaceae","0.385224","0.556493","770","family","Cupressaceae"
"family","Daphniphyllaceae","Daphniphyllaceae","0.347285","0.628183","34.4","family","Daphniphyllaceae"
"family","Dilleniaceae","Dilleniaceae","0.41531","0.507868","66","family","Dilleniaceae"
"family","Dipterocarpaceae","Dipterocarpaceae","0.223378","0.774201","212","family","Dipterocarpaceae"
"family","Ebenaceae","Ebenaceae","0.385203","0.578095","77.3","family","Ebenaceae"
"family","Elaeocarpaceae","Elaeocarpaceae","0.303363","0.67034","124.7","family","Elaeocarpaceae"
"family","Ericaceae","Ericaceae","0.570745","0.4646","149","family","Ericaceae"
"family","Escalloniaceae","Escalloniaceae","0.385088","0.49247","54","family","Escalloniaceae"
"family","Euphorbiaceae","Euphorbiaceae","0.345755","0.614096","117","family","Euphorbiaceae"
"family","Fabaceae","Fabaceae","0.35056","0.703454","246.4","family","Fabaceae"
"family","Fagaceae","Fagaceae","0.214181","0.780644","222.9","family","Fagaceae"
"family","Gentianaceae","Gentianaceae","0.317061","0.676834","66.2","family","Gentianaceae"
"family","Hamamelidaceae","Hamamelidaceae","0.965173","0.387314","44","family","Hamamelidaceae"
"family","Humiriaceae","Humiriaceae","0.303737","0.723722","98.5","family","Humiriaceae"
"family","Hypericaceae","Hypericaceae","0.290452","0.639168","58","family","Hypericaceae"
"family","Irvingiaceae","Irvingiaceae","0.225071","0.834102","174","family","Irvingiaceae"
"family","Ixonanthaceae","Ixonanthaceae","0.248074","0.655756","78.5","family","Ixonanthaceae"
"family","Juglandaceae","Juglandaceae","0.184687","0.840949","72.6","family","Juglandaceae"
"family","Lamiaceae","Lamiaceae","0.344655","0.61105","77.5","family","Lamiaceae"
"family","Lauraceae","Lauraceae","0.495826","0.494061","195","family","Lauraceae"
"family","Lecythidaceae","Lecythidaceae","0.438676","0.596827","186.2","family","Lecythidaceae"
"family","Loganiaceae","Loganiaceae","0.145226","1.02949","47.4","family","Loganiaceae"
"family","Lythraceae","Lythraceae","0.261642","0.632124","59.5","family","Lythraceae"
"family","Magnoliaceae","Magnoliaceae","0.241609","0.783594","111.1","family","Magnoliaceae"
"family","Malpighiaceae","Malpighiaceae","0.494214","0.533879","46","family","Malpighiaceae"
"family","Malvaceae","Malvaceae","0.33858","0.656564","247.7","family","Malvaceae"
"family","Melastomataceae","Melastomataceae","0.510018","0.547054","49.7","family","Melastomataceae"
"family","Meliaceae","Meliaceae","0.470551","0.57892","280.3","family","Meliaceae"
"family","Metteniusaceae","Metteniusaceae","0.316286","0.595235","39.5","family","Metteniusaceae"
"family","Monimiaceae","Monimiaceae","0.814479","0.417823","112","family","Monimiaceae"
"family","Moraceae","Moraceae","0.34763","0.654914","217.7","family","Moraceae"
"family","Myricaceae","Myricaceae","0.901493","0.335607","43.9","family","Myricaceae"
"family","Myristicaceae","Myristicaceae","0.454828","0.613182","136.8","family","Myristicaceae"
"family","Myrtaceae","Myrtaceae","0.370999","0.569338","385","family","Myrtaceae"
"family","Nothofagaceae","Nothofagaceae","0.269813","0.687883","206.3","family","Nothofagaceae"
"family","Nyctaginaceae","Nyctaginaceae","0.308081","0.710739","104.6","family","Nyctaginaceae"
"family","Nyssaceae","Nyssaceae","0.704961","0.474742","62","family","Nyssaceae"
"family","Ochnaceae","Ochnaceae","0.299755","0.719512","114.7","family","Ochnaceae"
"family","Olacaceae","Olacaceae","0.50961","0.592203","103","family","Olacaceae"
"family","Oleaceae","Oleaceae","0.434973","0.545344","88.8","family","Oleaceae"
"family","Pandaceae","Pandaceae","0.372346","0.643272","74.6","family","Pandaceae"
"family","Passifloraceae","Passifloraceae","0.479259","0.588435","34","family","Passifloraceae"
"family","Pentaphylacaceae","Pentaphylacaceae","0.337754","0.572801","112","family","Pentaphylacaceae"
"family","Phyllanthaceae","Phyllanthaceae","0.257811","0.775491","111.5","family","Phyllanthaceae"
"family","Pinaceae","Pinaceae","0.222542","0.715395","152.9","family","Pinaceae"
"family","Pittosporaceae","Pittosporaceae","0.206113","0.848246","27.6","family","Pittosporaceae"
"family","Platanaceae","Platanaceae","0.411541","0.690911","71","family","Platanaceae"
"family","Podocarpaceae","Podocarpaceae","0.34741","0.614147","266","family","Podocarpaceae"
"family","Polygalaceae","Polygalaceae","0.395389","0.531684","60.3","family","Polygalaceae"
"family","Primulaceae","Primulaceae","0.396453","0.533411","65.5","family","Primulaceae"
"family","Proteaceae","Proteaceae","0.237798","0.80052","88","family","Proteaceae"
"family","Putranjivaceae","Putranjivaceae","0.349585","0.668577","72.5","family","Putranjivaceae"
"family","Resedaceae","Resedaceae","0.380825","0.620691","24.1","family","Resedaceae"
"family","Rhamnaceae","Rhamnaceae","0.628407","0.52228","55.4","family","Rhamnaceae"
"family","Rhizophoraceae","Rhizophoraceae","0.386698","0.68497","113.4","family","Rhizophoraceae"
"family","Rosaceae","Rosaceae","0.439641","0.553616","100","family","Rosaceae"
"family","Rubiaceae","Rubiaceae","0.418989","0.548977","112","family","Rubiaceae"
"family","Rutaceae","Rutaceae","0.336044","0.604387","120","family","Rutaceae"
"family","Sabiaceae","Sabiaceae","0.277978","0.657643","41.5","family","Sabiaceae"
"family","Salicaceae","Salicaceae","0.362303","0.615443","103.5","family","Salicaceae"
"family","Santalaceae","Santalaceae","0.484149","0.400661","41.3","family","Santalaceae"
"family","Sapindaceae","Sapindaceae","0.402324","0.640163","141.2","family","Sapindaceae"
"family","Sapotaceae","Sapotaceae","0.412551","0.592546","180","family","Sapotaceae"
"family","Schisandraceae","Schisandraceae","0.323358","0.578481","21.5","family","Schisandraceae"
"family","Schoepfiaceae","Schoepfiaceae","0.420251","0.565676","23.1","family","Schoepfiaceae"
"family","Simaroubaceae","Simaroubaceae","0.386634","0.616087","78.9","family","Simaroubaceae"
"family","Staphyleaceae","Staphyleaceae","0.453741","0.601233","55.4","family","Staphyleaceae"
"family","Styracaceae","Styracaceae","0.335362","0.574881","75.5","family","Styracaceae"
"family","Symplocaceae","Symplocaceae","0.450032","0.462329","60.4","family","Symplocaceae"
"family","Theaceae","Theaceae","0.308577","0.625259","73","family","Theaceae"
"family","Thymelaeaceae","Thymelaeaceae","0.40676","0.583658","37.5","family","Thymelaeaceae"
"family","Ulmaceae","Ulmaceae","0.543514","0.584826","82","family","Ulmaceae"
"family","Urticaceae","Urticaceae","0.264232","0.788163","105.1","family","Urticaceae"
"family","Violaceae","Violaceae","0.641656","0.483323","47.3","family","Violaceae"
"family","Vochysiaceae","Vochysiaceae","0.287582","0.729449","125.7","family","Vochysiaceae"
"family","Zygophyllaceae","Zygophyllaceae","0.218706","0.767719","170.8","family","Zygophyllaceae"
"division","Angiosperm","","0.347503","0.646075","385","division","Angiosperm"
"division","Gymnosperm","","0.228162","0.708135","770","division","Gymnosperm"
"global","all","","0.352756","0.626633","770","global","all"
