level,taxon,family,division,fit_level,fit_taxon,n,ln_a,b,sigma,r2,dbh_min_cm,dbh_max_cm,scale
genus,Abarema,Fabaceae,Angiosperm,family,Fabaceae,13535,-1.19381,0.703454,0.539608,0.602688,1,246.4,0.35056
genus,Abelmoschus,Malvaceae,Angiosperm,family,Malvaceae,4461,-1.20189,0.656564,0.487643,0.62546,1,247.7,0.33858
genus,Abies,Pinaceae,Gymnosperm,genus,Abies,4069,-1.66419,0.689619,0.363304,0.587446,1,113,0.202261
genus,Abrophyllum,Rousseaceae,Angiosperm,division,Angiosperm,211929,-1.16468,0.646075,0.464109,0.608856,1,385,0.347503
genus,Abuta,Menispermaceae,Angiosperm,division,Angiosperm,211929,-1.16468,0.646075,0.464109,0.608856,1,385,0.347503
genus,Acacia,Fabaceae,Angiosperm,genus,Acacia,674,-0.444309,0.532006,0.544945,0.295754,1.4,59.7,0.743917
genus,Acalypha,Euphorbiaceae,Angiosperm,family,Euphorbiaceae,6196,-1.17832,0.614096,0.482286,0.532154,1,117,0.345755
genus,Acer,Sapindaceae,Angiosperm,genus,Acer,7355,-0.802726,0.592329,0.336729,0.544125,1,140,0.474244
genus,Aceratium,Elaeocarpaceae,Angiosperm,family,Elaeocarpaceae,544,-1.29781,0.67034,0.458223,0.600951,1.1,124.7,0.303363
genus,Achatocarpus,Achatocarpaceae,Angiosperm,division,Angiosperm,211929,-1.16468,0.646075,0.464109,0.608856,1,385,0.347503
genus,Acronychia,Rutaceae,Angiosperm,genus,Acronychia,369,-1.25158,0.603061,0.369796,0.48166,3,83.5,0.306295
genus,Actephila,Phyllanthaceae,Angiosperm,family,Phyllanthaceae,2497,-1.46621,0.775491,0.470494,0.629917,1,111.5,0.257811
genus,Actinodaphne,Lauraceae,Angiosperm,genus,Actinodaphne,85,-1.2644,0.608885,0.410007,0.534291,3,61,0.307172
genus,Adelia,Euphorbiaceae,Angiosperm,family,Euphorbiaceae,6196,-1.17832,0.614096,0.482286,0.532154,1,117,0.345755
genus,Adenanthera,Fabaceae,Angiosperm,family,Fabaceae,13535,-1.19381,0.703454,0.539608,0.602688,1,246.4,0.35056
genus,Adenocalymma,Bignoniaceae,Angiosperm,family,Bignoniaceae,878,-1.40041,0.718885,0.507137,0.645503,1.1,137.3,0.280322
genus,Adina,Rubiaceae,Angiosperm,family,Rubiaceae,4106,-0.998275,0.548977,0.506684,0.437674,1,112,0.418989
genus,Adinandra,Pentaphylacaceae,Angiosperm,genus,Adinandra,335,-1.37043,0.657218,0.391294,0.51958,3,112,0.274207
genus,Aegiphila,Lamiaceae,Angiosperm,family,Lamiaceae,683,-1.20981,0.61105,0.537772,0.453723,1,77.5,0.344655
genus,Aegle,Rutaceae,Angiosperm,family,Rutaceae,1836,-1.18574,0.604387,0.436409,0.516094,1,120,0.336044
genus,Aeschynomene,Fabaceae,Angiosperm,family,Fabaceae,13535,-1.19381,0.703454,0.539608,0.602688,1,246.4,0.35056
genus,Aesculus,Sapindaceae,Angiosperm,family,Sapindaceae,9911,-0.998904,0.640163,0.420493,0.572939,1,141.2,0.402324
genus,Afrostyrax,Huaceae,Angiosperm,division,Angiosperm,211929,-1.16468,0.646075,0.464109,0.608856,1,385,0.347503
genus,Afzelia,Fabaceae,Angiosperm,family,Fabaceae,13535,-1.19381,0.703454,0.539608,0.602688,1,246.4,0.35056
genus,Agarista,Ericaceae,Angiosperm,genus,Agarista,58,-1.22942,0.678492,0.359888,0.46896,11.2,149,0.312028
genus,Agathis,Araucariaceae,Gymnosperm,division,Gymnosperm,77655,-1.52419,0.708135,0.304932,0.651332,1,770,0.228162
genus,Aglaia,Meliaceae,Angiosperm,genus,Aglaia,258,-0.920186,0.549654,0.402814,0.527192,1.2,71.5,0.432118
genus,Agonandra,Opiliaceae,Angiosperm,division,Angiosperm,211929,-1.16468,0.646075,0.464109,0.608856,1,385,0.347503
genus,Agrostistachys,Euphorbiaceae,Angiosperm,family,Euphorbiaceae,6196,-1.17832,0.614096,0.482286,0.532154,1,117,0.345755
genus,Ahernia,Salicaceae,Angiosperm,family,Salicaceae,2221,-1.09157,0.615443,0.390641,0.630887,1,103.5,0.362303
genus,Aidia,Rubiaceae,Angiosperm,genus,Aidia,98,-1.30853,0.719056,0.452838,0.49815,1.6,32,0.299392
genus,Ailanthus,Simaroubaceae,Angiosperm,family,Simaroubaceae,164,-1.05908,0.616087,0.466485,0.707822,1,78.9,0.386634
genus,Alangium,Cornaceae,Angiosperm,genus,Alangium,173,-0.822874,0.456566,0.433436,0.332597,1.2,55,0.48242
genus,Albizia,Fabaceae,Angiosperm,genus,Albizia,423,-1.57677,0.807508,0.484868,0.717249,1,144.4,0.232417
genus,Alchornea,Euphorbiaceae,Angiosperm,genus,Alchornea,58,-1.36715,0.791441,0.412064,0.843535,3,75.3,0.277413
genus,Alectryon,Sapindaceae,Angiosperm,family,Sapindaceae,9911,-0.998904,0.640163,0.420493,0.572939,1,141.2,0.402324
genus,Aleurites,Euphorbiaceae,Angiosperm,family,Euphorbiaceae,6196,-1.17832,0.614096,0.482286,0.532154,1,117,0.345755
genus,Alexa,Fabaceae,Angiosperm,family,Fabaceae,13535,-1.19381,0.703454,0.539608,0.602688,1,246.4,0.35056
genus,Alibertia,Rubiaceae,Angiosperm,family,Rubiaceae,4106,-0.998275,0.548977,0.506684,0.437674,1,112,0.418989
genus,Allanblackia,Clusiaceae,Angiosperm,family,Clusiaceae,1211,-1.20062,0.675771,0.482073,0.521062,1,77.4,0.338095
genus,Allantoma,Lecythidaceae,Angiosperm,family,Lecythidaceae,1114,-0.900694,0.596827,0.391663,0.562421,1.1,186.2,0.438676
genus,Allocasuarina,Casuarinaceae,Angiosperm,division,Angiosperm,211929,-1.16468,0.646075,0.464109,0.608856,1,385,0.347503
genus,Allomorphia,Melastomataceae,Angiosperm,family,Melastomataceae,523,-0.779471,0.547054,0.460786,0.517693,1,49.7,0.510018
genus,Allophylus,Sapindaceae,Angiosperm,genus,Allophylus,78,-0.883762,0.618368,0.477296,0.652577,1.2,70.1,0.463079
genus,Alloxylon,Proteaceae,Angiosperm,family,Proteaceae,510,-1.50893,0.80052,0.381045,0.713551,1.8,88,0.237798
genus,Alluaudia,Didiereaceae,Angiosperm,division,Angiosperm,211929,-1.16468,0.646075,0.464109,0.608856,1,385,0.347503
genus,Alniphyllum,Styracaceae,Angiosperm,genus,Alniphyllum,163,-1.156,0.562118,0.451169,0.421375,3,75.5,0.348465
genus,Alnus,Betulaceae,Angiosperm,genus,Alnus,362,-0.618875,0.50436,0.413298,0.667653,1,81,0.586568
genus,Alphitonia,Rhamnaceae,Angiosperm,family,Rhamnaceae,689,-0.56848,0.52228,0.455881,0.462699,1,55.4,0.628407
genus,Alphonsea,Annonaceae,Angiosperm,genus,Alphonsea,168,-1.02795,0.484809,0.498724,0.229673,1.3,32.6,0.405113
genus,Alseis,Rubiaceae,Angiosperm,genus,Alseis,503,-1.29767,0.648296,0.56883,0.48542,1,91.1,0.321139
genus,Alseodaphne,Lauraceae,Angiosperm,genus,Alseodaphne,117,-1.58015,0.696244,0.426026,0.551411,3,47.2,0.225507
genus,Alstonia,Apocynaceae,Angiosperm,genus,Alstonia,149,-1.40129,0.69329,0.401804,0.688747,3.1,130,0.266984
genus,Alternanthera,Amaranthaceae,Angiosperm,division,Angiosperm,211929,-1.16468,0.646075,0.464109,0.608856,1,385,0.347503
genus,Altingia,Altingiaceae,Angiosperm,genus,Altingia,118,-1.29363,0.599167,0.322101,0.71889,3,72.3,0.288878
genus,Alvaradoa,Picramniaceae,Angiosperm,division,Angiosperm,211929,-1.16468,0.646075,0.464109,0.608856,1,385,0.347503
genus,Alzatea,Alzateaceae,Angiosperm,division,Angiosperm,211929,-1.16468,0.646075,0.464109,0.608856,1,385,0.347503
genus,Amaioua,Rubiaceae,Angiosperm,family,Rubiaceae,4106,-0.998275,0.548977,0.506684,0.437674,1,112,0.418989
genus,Ambelania,Apocynaceae,Angiosperm,family,Apocynaceae,1361,-1.21636,0.659122,0.458037,0.640796,1,186.2,0.329077
genus,Amblygonocarpus,Fabaceae,Angiosperm,family,Fabaceae,13535,-1.19381,0.703454,0.539608,0.602688,1,246.4,0.35056
genus,Amburana,Fabaceae,Angiosperm,family,Fabaceae,13535,-1.19381,0.703454,0.539608,0.602688,1,246.4,0.35056
genus,Amelanchier,Rosaceae,Angiosperm,family,Rosaceae,1561,-0.948281,0.553616,0.50296,0.451948,1,100,0.439641
genus,Amesiodendron,Sapindaceae,Angiosperm,genus,Amesiodendron,87,-1.32719,0.631538,0.38806,0.535536,3,33.8,0.285963
genus,Ampelocera,Ulmaceae,Angiosperm,genus,Ampelocera,115,-0.527748,0.662958,0.246938,0.901463,1,63.7,0.608196
genus,Amphimas,Fabaceae,Angiosperm,family,Fabaceae,13535,-1.19381,0.703454,0.539608,0.602688,1,246.4,0.35056
genus,Amphipterygium,Anacardiaceae,Angiosperm,family,Anacardiaceae,2052,-1.2584,0.679159,0.439244,0.710644,1,197.5,0.312881
genus,Amyris,Rutaceae,Angiosperm,family,Rutaceae,1836,-1.18574,0.604387,0.436409,0.516094,1,120,0.336044
genus,Anacardium,Anacardiaceae,Angiosperm,genus,Anacardium,48,-2.33749,0.958533,0.23903,0.878841,18.6,197.5,0.099368
genus,Anacolosa,Olacaceae,Angiosperm,family,Olacaceae,464,-0.746868,0.592203,0.381469,0.573087,1.4,103,0.50961
genus,Anaxagorea,Annonaceae,Angiosperm,family,Annonaceae,1937,-0.832977,0.567258,0.469393,0.575238,1,126,0.485385
genus,Andira,Fabaceae,Angiosperm,family,Fabaceae,13535,-1.19381,0.703454,0.539608,0.602688,1,246.4,0.35056
genus,Angophora,Myrtaceae,Angiosperm,family,Myrtaceae,9073,-1.07255,0.569338,0.402473,0.610796,1,385,0.370999
genus,Angylocalyx,Fabaceae,Angiosperm,genus,Angylocalyx,38,-1.56113,0.797567,0.448588,0.536374,10.5,70.2,0.232117
genus,Aniba,Lauraceae,Angiosperm,family,Lauraceae,6466,-0.827153,0.494061,0.501244,0.495364,1,195,0.495826
genus,Anisophyllea,Anisophylleaceae,Angiosperm,division,Angiosperm,211929,-1.16468,0.646075,0.464109,0.608856,1,385,0.347503
genus,Anisoptera,Dipterocarpaceae,Angiosperm,family,Dipterocarpaceae,3821,-1.58657,0.774201,0.418766,0.726176,1,212,0.223378
genus,Anneslea,Pentaphylacaceae,Angiosperm,family,Pentaphylacaceae,1279,-1.16728,0.572801,0.404573,0.430511,1.2,112,0.337754
genus,Annickia,Annonaceae,Angiosperm,family,Annonaceae,1937,-0.832977,0.567258,0.469393,0.575238,1,126,0.485385
genus,Annona,Annonaceae,Angiosperm,genus,Annona,75,-0.74148,0.630052,0.403449,0.6086,1.2,35.7,0.516802
genus,Anogeissus,Combretaceae,Angiosperm,family,Combretaceae,1534,-1.12022,0.687025,0.395915,0.720486,1,191,0.352803
genus,Anonidium,Annonaceae,Angiosperm,genus,Anonidium,49,-1.40515,0.738719,0.377055,0.517116,11.4,66.6,0.263405
genus,Anopyxis,Rhizophoraceae,Angiosperm,family,Rhizophoraceae,292,-1.00786,0.68497,0.339852,0.808051,1,113.4,0.386698
genus,Anthocarpa,Meliaceae,Angiosperm,family,Meliaceae,2186,-0.866573,0.57892,0.474811,0.632607,1,280.3,0.470551
genus,Anthocleista,Gentianaceae,Angiosperm,family,Gentianaceae,63,-1.17719,0.676834,0.238883,0.804805,3,66.2,0.317061
genus,Anthodiscus,Caryocaraceae,Angiosperm,family,Caryocaraceae,44,-0.735449,0.591919,0.449263,0.487374,9.8,164,0.530185
genus,Anthonotha,Fabaceae,Angiosperm,family,Fabaceae,13535,-1.19381,0.703454,0.539608,0.602688,1,246.4,0.35056
genus,Anthostema,Euphorbiaceae,Angiosperm,family,Euphorbiaceae,6196,-1.17832,0.614096,0.482286,0.532154,1,117,0.345755
genus,Antiaris,Moraceae,Angiosperm,family,Moraceae,2663,-1.1809,0.654914,0.498565,0.646044,1,217.7,0.34763
genus,Antidesma,Phyllanthaceae,Angiosperm,genus,Antidesma,167,-0.805529,0.490227,0.489427,0.319879,1.5,41.5,0.503707
genus,Antirhea,Rubiaceae,Angiosperm,genus,Antirhea,49,-1.12854,0.532748,0.424531,0.301758,3,24.4,0.35401
genus,Antrocaryon,Anacardiaceae,Angiosperm,family,Anacardiaceae,2052,-1.2584,0.679159,0.439244,0.710644,1,197.5,0.312881
genus,Aoranthe,Rubiaceae,Angiosperm,family,Rubiaceae,4106,-0.998275,0.548977,0.506684,0.437674,1,112,0.418989
genus,Apeiba,Malvaceae,Angiosperm,genus,Apeiba,74,-1.03336,0.65228,0.359536,0.672249,1.5,114.3,0.379566
genus,Aphanamixis,Meliaceae,Angiosperm,genus,Aphanamixis,39,-0.79406,0.408543,0.392164,0.440437,1.5,25,0.488135
genus,Aphananthe,Cannabaceae,Angiosperm,family,Cannabaceae,1679,-1.32266,0.681664,0.475824,0.536441,1,180,0.298359
genus,Aphelandra,Acanthaceae,Angiosperm,family,Acanthaceae,477,-1.19448,0.590213,0.364752,0.71692,1,103.3,0.323693
genus,Aphloia,Aphloiaceae,Angiosperm,division,Angiosperm,211929,-1.16468,0.646075,0.464109,0.608856,1,385,0.347503
genus,Apodytes,Metteniusaceae,Angiosperm,genus,Apodytes,35,-1.15701,0.553,0.343619,0.463185,3.5,38.2,0.333547
genus,Apoplanesia,Fabaceae,Angiosperm,genus,Apoplanesia,127,-0.82105,0.58209,0.501594,0.475378,1.1,30.2,0.498949
genus,Aporosa,Phyllanthaceae,Angiosperm,genus,Aporosa,845,-1.04636,0.504946,0.437394,0.281799,1,60.8,0.386468
genus,Apuleia,Fabaceae,Angiosperm,family,Fabaceae,13535,-1.19381,0.703454,0.539608,0.602688,1,246.4,0.35056
genus,Aquilaria,Thymelaeaceae,Angiosperm,genus,Aquilaria,71,-1.34063,0.673537,0.403846,0.568336,2.8,26.6,0.283913
genus,Aralia,Araliaceae,Angiosperm,family,Araliaceae,1392,-1.63073,0.730318,0.499306,0.591335,1,138.1,0.221779
genus,Araucaria,Araucariaceae,Gymnosperm,division,Gymnosperm,77655,-1.52419,0.708135,0.304932,0.651332,1,770,0.228162
genus,Arbutus,Ericaceae,Angiosperm,family,Ericaceae,1443,-0.62978,0.4646,0.371398,0.552415,1,149,0.570745
genus,Archidendron,Fabaceae,Angiosperm,genus,Archidendron,135,-1.57824,0.811018,0.512305,0.5817,1.6,83.6,0.235271
genus,Arctostaphylos,Ericaceae,Angiosperm,family,Ericaceae,1443,-0.62978,0.4646,0.371398,0.552415,1,149,0.570745
genus,Ardisia,Primulaceae,Angiosperm,genus,Ardisia,288,-0.872901,0.387489,0.433042,0.311245,1,65.5,0.458801
genus,Areca,Arecaceae,Angiosperm,division,Angiosperm,211929,-1.16468,0.646075,0.464109,0.608856,1,385,0.347503
genus,Argyrodendron,Malvaceae,Angiosperm,family,Malvaceae,4461,-1.20189,0.656564,0.487643,0.62546,1,247.7,0.33858
genus,Aristotelia,Elaeocarpaceae,Angiosperm,family,Elaeocarpaceae,544,-1.29781,0.67034,0.458223,0.600951,1.1,124.7,0.303363
genus,Artabotrys,Annonaceae,Angiosperm,family,Annonaceae,1937,-0.832977,0.567258,0.469393,0.575238,1,126,0.485385
genus,Artemisia,Asteraceae,Angiosperm,division,Angiosperm,211929,-1.16468,0.646075,0.464109,0.608856,1,385,0.347503
genus,Artocarpus,Moraceae,Angiosperm,genus,Artocarpus,179,-1.22057,0.609864,0.428141,0.500329,1.4,53,0.323382
genus,Arytera,Sapindaceae,Angiosperm,genus,Arytera,83,-1.55984,0.746868,0.351464,0.507082,3,31,0.223559
genus,Asimina,Annonaceae,Angiosperm,family,Annonaceae,1937,-0.832977,0.567258,0.469393,0.575238,1,126,0.485385
genus,Aspidosperma,Apocynaceae,Angiosperm,genus,Aspidosperma,119,-0.918079,0.584785,0.389625,0.745307,1,178.9,0.430772
genus,Astrocasia,Phyllanthaceae,Angiosperm,family,Phyllanthaceae,2497,-1.46621,0.775491,0.470494,0.629917,1,111.5,0.257811
genus,Astronium,Anacardiaceae,Angiosperm,genus,Astronium,91,-1.34588,0.712476,0.420532,0.824984,1,110.5,0.284375
genus,Atalantia,Rutaceae,Angiosperm,family,Rutaceae,1836,-1.18574,0.604387,0.436409,0.516094,1,120,0.336044
genus,Atalaya,Sapindaceae,Angiosperm,family,Sapindaceae,9911,-0.998904,0.640163,0.420493,0.572939,1,141.2,0.402324
genus,Atherosperma,Atherospermataceae,Angiosperm,division,Angiosperm,211929,-1.16468,0.646075,0.464109,0.608856,1,385,0.347503
genus,Atractocarpus,Rubiaceae,Angiosperm,family,Rubiaceae,4106,-0.998275,0.548977,0.506684,0.437674,1,112,0.418989
genus,Attilaea,Anacardiaceae,Angiosperm,family,Anacardiaceae,2052,-1.2584,0.679159,0.439244,0.710644,1,197.5,0.312881
genus,Atuna,Chrysobalanaceae,Angiosperm,family,Chrysobalanaceae,345,-0.800438,0.601551,0.417896,0.671237,1.1,99.9,0.490113
genus,Aubrevillea,Fabaceae,Angiosperm,family,Fabaceae,13535,-1.19381,0.703454,0.539608,0.602688,1,246.4,0.35056
genus,Aucoumea,Burseraceae,Angiosperm,family,Burseraceae,3087,-1.49501,0.716147,0.568016,0.5364,1,150.6,0.263503
genus,Aulacocalyx,Rubiaceae,Angiosperm,family,Rubiaceae,4106,-0.998275,0.548977,0.506684,0.437674,1,112,0.418989
genus,Auranticarpa,Pittosporaceae,Angiosperm,family,Pittosporaceae,66,-1.62774,0.848246,0.311168,0.723416,3,27.6,0.206113
genus,Austrobuxus,Picrodendraceae,Angiosperm,division,Angiosperm,211929,-1.16468,0.646075,0.464109,0.608856,1,385,0.347503
genus,Austromuellera,Proteaceae,Angiosperm,family,Proteaceae,510,-1.50893,0.80052,0.381045,0.713551,1.8,88,0.237798
genus,Austrosteenisia,Fabaceae,Angiosperm,family,Fabaceae,13535,-1.19381,0.703454,0.539608,0.602688,1,246.4,0.35056
genus,Autranella,Sapotaceae,Angiosperm,family,Sapotaceae,3340,-1.00975,0.592546,0.498707,0.615454,1,180,0.412551
genus,Avicennia,Acanthaceae,Angiosperm,genus,Avicennia,475,-1.20665,0.594082,0.364309,0.71556,1,103.3,0.319725
genus,Axinaea,Melastomataceae,Angiosperm,family,Melastomataceae,523,-0.779471,0.547054,0.460786,0.517693,1,49.7,0.510018
genus,Azadirachta,Meliaceae,Angiosperm,family,Meliaceae,2186,-0.866573,0.57892,0.474811,0.632607,1,280.3,0.470551
genus,Azanza,Malvaceae,Angiosperm,family,Malvaceae,4461,-1.20189,0.656564,0.487643,0.62546,1,247.7,0.33858
genus,Baccaurea,Phyllanthaceae,Angiosperm,genus,Baccaurea,224,-0.872011,0.569962,0.412404,0.487432,1.1,44.6,0.455221
genus,Backhousia,Myrtaceae,Angiosperm,family,Myrtaceae,9073,-1.07255,0.569338,0.402473,0.610796,1,385,0.370999
genus,Bagassa,Moraceae,Angiosperm,family,Moraceae,2663,-1.1809,0.654914,0.498565,0.646044,1,217.7,0.34763
genus,Baikiaea,Fabaceae,Angiosperm,genus,Baikiaea,56,-1.87702,0.921436,0.4288,0.750963,3.1,58.9,0.167783
genus,Baillonella,Sapotaceae,Angiosperm,family,Sapotaceae,3340,-1.00975,0.592546,0.498707,0.615454,1,180,0.412551
genus,Bakeridesia,Malvaceae,Angiosperm,family,Malvaceae,4461,-1.20189,0.656564,0.487643,0.62546,1,247.7,0.33858
genus,Balanites,Zygophyllaceae,Angiosperm,genus,Balanites,109,-1.92715,0.83856,0.361039,0.743677,3,170.8,0.155365
genus,Balanops,Balanopaceae,Angiosperm,division,Angiosperm,211929,-1.16468,0.646075,0.464109,0.608856,1,385,0.347503
genus,Baloghia,Euphorbiaceae,Angiosperm,family,Euphorbiaceae,6196,-1.17832,0.614096,0.482286,0.532154,1,117,0.345755
genus,Banara,Salicaceae,Angiosperm,family,Salicaceae,2221,-1.09157,0.615443,0.390641,0.630887,1,103.5,0.362303
genus,Banksia,Proteaceae,Angiosperm,family,Proteaceae,510,-1.50893,0.80052,0.381045,0.713551,1.8,88,0.237798
genus,Baphia,Fabaceae,Angiosperm,genus,Baphia,107,-1.03273,0.683359,0.44066,0.670747,1.6,45.6,0.392333
genus,Barnebydendron,Fabaceae,Angiosperm,family,Fabaceae,13535,-1.19381,0.703454,0.539608,0.602688,1,246.4,0.35056
genus,Barongia,Myrtaceae,Angiosperm,family,Myrtaceae,9073,-1.07255,0.569338,0.402473,0.610796,1,385,0.370999
genus,Barringtonia,Lecythidaceae,Angiosperm,genus,Barringtonia,55,-0.761672,0.522473,0.346301,0.718253,1.1,71.3,0.495737
genus,Barteria,Passifloraceae,Angiosperm,family,Passifloraceae,35,-0.85094,0.588435,0.480469,0.522437,1.2,34,0.479259
genus,Batesia,Fabaceae,Angiosperm,family,Fabaceae,13535,-1.19381,0.703454,0.539608,0.602688,1,246.4,0.35056
genus,Bauhinia,Fabaceae,Angiosperm,genus,Bauhinia,301,-1.10503,0.647356,0.659389,0.273131,1.4,52.4,0.41163
genus,Beaucarnea,Asparagaceae,Angiosperm,family,Asparagaceae,65,-1.14251,0.566072,0.596771,0.29815,1.3,82.2,0.381198
genus,Beccariella,Sapotaceae,Angiosperm,family,Sapotaceae,3340,-1.00975,0.592546,0.498707,0.615454,1,180,0.412551
genus,Bedfordia,Asteraceae,Angiosperm,division,Angiosperm,211929,-1.16468,0.646075,0.464109,0.608856,1,385,0.347503
genus,Beilschmiedia,Lauraceae,Angiosperm,genus,Beilschmiedia,566,-1.22559,0.670295,0.387534,0.78003,1.1,104.5,0.316479
genus,Bejaria,Ericaceae,Angiosperm,family,Ericaceae,1443,-0.62978,0.4646,0.371398,0.552415,1,149,0.570745
genus,Bellucia,Melastomataceae,Angiosperm,family,Melastomataceae,523,-0.779471,0.547054,0.460786,0.517693,1,49.7,0.510018
genus,Benkara,Rubiaceae,Angiosperm,family,Rubiaceae,4106,-0.998275,0.548977,0.506684,0.437674,1,112,0.418989
genus,Berberis,Berberidaceae,Angiosperm,division,Angiosperm,211929,-1.16468,0.646075,0.464109,0.608856,1,385,0.347503
genus,Berlinia,Fabaceae,Angiosperm,family,Fabaceae,13535,-1.19381,0.703454,0.539608,0.602688,1,246.4,0.35056
genus,Bernardia,Euphorbiaceae,Angiosperm,family,Euphorbiaceae,6196,-1.17832,0.614096,0.482286,0.532154,1,117,0.345755
genus,Bernoullia,Malvaceae,Angiosperm,family,Malvaceae,4461,-1.20189,0.656564,0.487643,0.62546,1,247.7,0.33858
genus,Berrya,Malvaceae,Angiosperm,family,Malvaceae,4461,-1.20189,0.656564,0.487643,0.62546,1,247.7,0.33858
genus,Bersama,Francoaceae,Angiosperm,division,Angiosperm,211929,-1.16468,0.646075,0.464109,0.608856,1,385,0.347503
genus,Bertholletia,Lecythidaceae,Angiosperm,genus,Bertholletia,30,-0.0434448,0.433869,0.567564,0.323893,5.2,186.2,1.12482
genus,Betula,Betulaceae,Angiosperm,genus,Betula,2033,-1.17445,0.69159,0.294313,0.670124,1,84,0.322666
genus,Bhesa,Centroplacaceae,Angiosperm,division,Angiosperm,211929,-1.16468,0.646075,0.464109,0.608856,1,385,0.347503
genus,Bikinia,Fabaceae,Angiosperm,family,Fabaceae,13535,-1.19381,0.703454,0.539608,0.602688,1,246.4,0.35056
genus,Bischofia,Phyllanthaceae,Angiosperm,family,Phyllanthaceae,2497,-1.46621,0.775491,0.470494,0.629917,1,111.5,0.257811
genus,Bixa,Bixaceae,Angiosperm,family,Bixaceae,150,-1.91464,0.673584,0.649579,0.277746,1.6,40.5,0.182015
genus,Blachia,Euphorbiaceae,Angiosperm,family,Euphorbiaceae,6196,-1.17832,0.614096,0.482286,0.532154,1,117,0.345755
genus,Blepharistemma,Rhizophoraceae,Angiosperm,family,Rhizophoraceae,292,-1.00786,0.68497,0.339852,0.808051,1,113.4,0.386698
genus,Blepharocarya,Anacardiaceae,Angiosperm,family,Anacardiaceae,2052,-1.2584,0.679159,0.439244,0.710644,1,197.5,0.312881
genus,Blighia,Sapindaceae,Angiosperm,genus,Blighia,44,-0.814264,0.557312,0.526968,0.552938,2.5,141.2,0.508945
genus,Blumeodendron,Euphorbiaceae,Angiosperm,genus,Blumeodendron,40,-0.767885,0.553682,0.252261,0.852682,1.3,68.8,0.478994
genus,Bobgunnia,Fabaceae,Angiosperm,family,Fabaceae,13535,-1.19381,0.703454,0.539608,0.602688,1,246.4,0.35056
genus,Bocageopsis,Annonaceae,Angiosperm,family,Annonaceae,1937,-0.832977,0.567258,0.469393,0.575238,1,126,0.485385
genus,Bocoa,Fabaceae,Angiosperm,family,Fabaceae,13535,-1.19381,0.703454,0.539608,0.602688,1,246.4,0.35056
genus,Boehmeria,Urticaceae,Angiosperm,family,Urticaceae,449,-1.4549,0.788163,0.497939,0.661041,1,105.1,0.264232
genus,Bombax,Malvaceae,Angiosperm,family,Malvaceae,4461,-1.20189,0.656564,0.487643,0.62546,1,247.7,0.33858
genus,Bonellia,Primulaceae,Angiosperm,family,Primulaceae,607,-1.02926,0.533411,0.456215,0.479607,1,65.5,0.396453
genus,Boscia,Capparaceae,Angiosperm,genus,Boscia,135,-0.890141,0.428749,0.380017,0.268448,3,31.5,0.441342
genus,Boswellia,Burseraceae,Angiosperm,family,Burseraceae,3087,-1.49501,0.716147,0.568016,0.5364,1,150.6,0.263503
genus,Bouea,Anacardiaceae,Angiosperm,genus,Bouea,33,-0.945459,0.712403,0.283789,0.815122,1.4,30,0.404465
genus,Bourreria,Boraginaceae,Angiosperm,family,Boraginaceae,362,-1.00836,0.564563,0.55653,0.492039,1,106.3,0.425924
genus,Bowdichia,Fabaceae,Angiosperm,family,Fabaceae,13535,-1.19381,0.703454,0.539608,0.602688,1,246.4,0.35056
genus,Brachychiton,Malvaceae,Angiosperm,genus,Brachychiton,30,-0.546374,0.449408,0.252182,0.540503,2,26,0.597754
genus,Brachyglottis,Asteraceae,Angiosperm,division,Angiosperm,211929,-1.16468,0.646075,0.464109,0.608856,1,385,0.347503
genus,Brachystegia,Fabaceae,Angiosperm,genus,Brachystegia,626,-1.47996,0.895854,0.382091,0.863459,1.5,83,0.244885
genus,Brackenridgea,Ochnaceae,Angiosperm,family,Ochnaceae,215,-1.29361,0.719512,0.42147,0.667232,1,114.7,0.299755
genus,Brenania,Rubiaceae,Angiosperm,family,Rubiaceae,4106,-0.998275,0.548977,0.506684,0.437674,1,112,0.418989
genus,Breynia,Phyllanthaceae,Angiosperm,family,Phyllanthaceae,2497,-1.46621,0.775491,0.470494,0.629917,1,111.5,0.257811
genus,Bridelia,Phyllanthaceae,Angiosperm,genus,Bridelia,203,-1.51687,0.717598,0.420308,0.535996,3,40.2,0.239659
genus,Brochoneura,Myristicaceae,Angiosperm,family,Myristicaceae,964,-0.851103,0.613182,0.355717,0.708463,1,136.8,0.454828
genus,Brongniartia,Fabaceae,Angiosperm,family,Fabaceae,13535,-1.19381,0.703454,0.539608,0.602688,1,246.4,0.35056
genus,Brosimum,Moraceae,Angiosperm,genus,Brosimum,415,-0.847031,0.612112,0.453202,0.747099,1,132,0.47505
genus,Broussonetia,Moraceae,Angiosperm,family,Moraceae,2663,-1.1809,0.654914,0.498565,0.646044,1,217.7,0.34763
genus,Brownlowia,Malvaceae,Angiosperm,family,Malvaceae,4461,-1.20189,0.656564,0.487643,0.62546,1,247.7,0.33858
genus,Brucea,Simaroubaceae,Angiosperm,family,Simaroubaceae,164,-1.05908,0.616087,0.466485,0.707822,1,78.9,0.386634
genus,Brunellia,Brunelliaceae,Angiosperm,division,Angiosperm,211929,-1.16468,0.646075,0.464109,0.608856,1,385,0.347503
genus,Buchanania,Anacardiaceae,Angiosperm,genus,Buchanania,59,-1.17043,0.623867,0.455133,0.405977,2,30.2,0.344089
genus,Buchenavia,Combretaceae,Angiosperm,family,Combretaceae,1534,-1.12022,0.687025,0.395915,0.720486,1,191,0.352803
genus,Bucida,Combretaceae,Angiosperm,genus,Bucida,60,-0.660448,0.630413,0.309803,0.610969,2.3,43,0.542017
genus,Buckinghamia,Proteaceae,Angiosperm,family,Proteaceae,510,-1.50893,0.80052,0.381045,0.713551,1.8,88,0.237798
genus,Bunchosia,Malpighiaceae,Angiosperm,family,Malpighiaceae,439,-0.855526,0.533879,0.549069,0.33432,1,46,0.494214
genus,Burkea,Fabaceae,Angiosperm,genus,Burkea,221,-1.79244,0.908388,0.352814,0.775526,2.2,70,0.177249
genus,Bursera,Burseraceae,Angiosperm,genus,Bursera,1386,-1.95284,0.812817,0.597295,0.402015,1,61.5,0.169575
genus,Buxus,Buxaceae,Angiosperm,division,Angiosperm,211929,-1.16468,0.646075,0.464109,0.608856,1,385,0.347503
genus,Byrsonima,Malpighiaceae,Angiosperm,genus,Byrsonima,67,-0.721134,0.477642,0.46384,0.274364,1.4,46,0.54142
genus,Caesalpinia,Fabaceae,Angiosperm,family,Fabaceae,13535,-1.19381,0.703454,0.539608,0.602688,1,246.4,0.35056
genus,Caldcluvia,Cunoniaceae,Angiosperm,family,Cunoniaceae,98,-1.12508,0.728754,0.454835,0.574266,2.5,80.5,0.360003
genus,Callerya,Fabaceae,Angiosperm,family,Fabaceae,13535,-1.19381,0.703454,0.539608,0.602688,1,246.4,0.35056
genus,Calliandra,Fabaceae,Angiosperm,family,Fabaceae,13535,-1.19381,0.703454,0.539608,0.602688,1,246.4,0.35056
genus,Callicarpa,Lamiaceae,Angiosperm,family,Lamiaceae,683,-1.20981,0.61105,0.537772,0.453723,1,77.5,0.344655
genus,Callicoma,Cunoniaceae,Angiosperm,family,Cunoniaceae,98,-1.12508,0.728754,0.454835,0.574266,2.5,80.5,0.360003
genus,Callitris,Cupressaceae,Gymnosperm,family,Cupressaceae,563,-1.03097,0.556493,0.392518,0.571444,1,770,0.385224
genus,Calocedrus,Cupressaceae,Gymnosperm,family,Cupressaceae,563,-1.03097,0.556493,0.392518,0.571444,1,770,0.385224
genus,Calophyllum,Calophyllaceae,Angiosperm,genus,Calophyllum,127,-0.889654,0.651666,0.361272,0.836217,1.1,129.9,0.4385
genus,Calpocalyx,Fabaceae,Angiosperm,family,Fabaceae,13535,-1.19381,0.703454,0.539608,0.602688,1,246.4,0.35056
genus,Calycanthus,Calycanthaceae,Angiosperm,division,Angiosperm,211929,-1.16468,0.646075,0.464109,0.608856,1,385,0.347503
genus,Calycophyllum,Rubiaceae,Angiosperm,family,Rubiaceae,4106,-0.998275,0.548977,0.506684,0.437674,1,112,0.418989
genus,Calyptranthes,Myrtaceae,Angiosperm,family,Myrtaceae,9073,-1.07255,0.569338,0.402473,0.610796,1,385,0.370999
genus,Calytrix,Myrtaceae,Angiosperm,family,Myrtaceae,9073,-1.07255,0.569338,0.402473,0.610796,1,385,0.370999
genus,Camellia,Theaceae,Angiosperm,genus,Camellia,301,-1.18219,0.639067,0.450453,0.544496,1,51,0.339345
genus,Campnosperma,Anacardiaceae,Angiosperm,genus,Campnosperma,294,-0.899913,0.5957,0.172954,0.645149,1.6,35,0.412732
genus,Cananga,Annonaceae,Angiosperm,family,Annonaceae,1937,-0.832977,0.567258,0.469393,0.575238,1,126,0.485385
genus,Canarium,Burseraceae,Angiosperm,genus,Canarium,591,-1.55976,0.67007,0.453476,0.526504,1.3,83.2,0.232949
genus,Canthium,Rubiaceae,Angiosperm,genus,Canthium,65,-1.3416,0.658124,0.34186,0.636438,3,29.5,0.277158
genus,Capirona,Rubiaceae,Angiosperm,family,Rubiaceae,4106,-0.998275,0.548977,0.506684,0.437674,1,112,0.418989
genus,Capparis,Capparaceae,Angiosperm,family,Capparaceae,456,-0.69434,0.432976,0.407584,0.381963,1,33.3,0.542657
genus,Caraipa,Calophyllaceae,Angiosperm,family,Calophyllaceae,278,-0.907257,0.665366,0.351527,0.820939,1.1,163,0.429355
genus,Carallia,Rhizophoraceae,Angiosperm,genus,Carallia,34,-1.23988,0.684974,0.451754,0.619656,2,49.2,0.320511
genus,Carapa,Meliaceae,Angiosperm,genus,Carapa,90,-1.24656,0.692249,0.482816,0.439679,5.8,76.5,0.32303
genus,Cardwellia,Proteaceae,Angiosperm,family,Proteaceae,510,-1.50893,0.80052,0.381045,0.713551,1.8,88,0.237798
genus,Careya,Lecythidaceae,Angiosperm,family,Lecythidaceae,1114,-0.900694,0.596827,0.391663,0.562421,1.1,186.2,0.438676
genus,Carica,Caricaceae,Angiosperm,family,Caricaceae,65,-1.18603,0.54408,0.374093,0.643166,2.4,81.8,0.32757
genus,Carnarvonia,Proteaceae,Angiosperm,family,Proteaceae,510,-1.50893,0.80052,0.381045,0.713551,1.8,88,0.237798
genus,Carpinus,Betulaceae,Angiosperm,genus,Carpinus,2969,-0.922916,0.664442,0.456786,0.507338,1,145,0.441053
genus,Carpodetus,Rousseaceae,Angiosperm,division,Angiosperm,211929,-1.16468,0.646075,0.464109,0.608856,1,385,0.347503
genus,Carya,Juglandaceae,Angiosperm,genus,Carya,194,-0.596758,0.586412,0.263422,0.590393,1.6,72.6,0.570032
genus,Caryocar,Caryocaraceae,Angiosperm,genus,Caryocar,42,-0.729845,0.585652,0.446994,0.494462,9.8,164,0.532622
genus,Caryodaphnopsis,Lauraceae,Angiosperm,family,Lauraceae,6466,-0.827153,0.494061,0.501244,0.495364,1,195,0.495826
genus,Caryota,Arecaceae,Angiosperm,division,Angiosperm,211929,-1.16468,0.646075,0.464109,0.608856,1,385,0.347503
genus,Cascabela,Apocynaceae,Angiosperm,family,Apocynaceae,1361,-1.21636,0.659122,0.458037,0.640796,1,186.2,0.329077
genus,Casearia,Salicaceae,Angiosperm,genus,Casearia,323,-0.978189,0.575161,0.473729,0.486772,1,100,0.420639
genus,Casimiroa,Rutaceae,Angiosperm,family,Rutaceae,1836,-1.18574,0.604387,0.436409,0.516094,1,120,0.336044
genus,Cassia,Fabaceae,Angiosperm,family,Fabaceae,13535,-1.19381,0.703454,0.539608,0.602688,1,246.4,0.35056
genus,Cassine,Celastraceae,Angiosperm,family,Celastraceae,435,-1.13263,0.66231,0.556926,0.494744,1,101.6,0.376232
genus,Cassipourea,Rhizophoraceae,Angiosperm,family,Rhizophoraceae,292,-1.00786,0.68497,0.339852,0.808051,1,113.4,0.386698
genus,Castanea,Fagaceae,Angiosperm,genus,Castanea,1700,-0.955283,0.596132,0.325129,0.613322,1.1,222.9,0.405584
genus,Castanopsis,Fagaceae,Angiosperm,genus,Castanopsis,1102,-1.3871,0.683519,0.398999,0.636127,1.3,68.1,0.270494
genus,Castanospermum,Fabaceae,Angiosperm,family,Fabaceae,13535,-1.19381,0.703454,0.539608,0.602688,1,246.4,0.35056
genus,Castanospora,Sapindaceae,Angiosperm,family,Sapindaceae,9911,-0.998904,0.640163,0.420493,0.572939,1,141.2,0.402324
genus,Castela,Simaroubaceae,Angiosperm,family,Simaroubaceae,164,-1.05908,0.616087,0.466485,0.707822,1,78.9,0.386634
genus,Castilla,Moraceae,Angiosperm,family,Moraceae,2663,-1.1809,0.654914,0.498565,0.646044,1,217.7,0.34763
genus,Casuarina,Casuarinaceae,Angiosperm,division,Angiosperm,211929,-1.16468,0.646075,0.464109,0.608856,1,385,0.347503
genus,Catalepidia,Proteaceae,Angiosperm,family,Proteaceae,510,-1.50893,0.80052,0.381045,0.713551,1.8,88,0.237798
genus,Catunaregam,Rubiaceae,Angiosperm,family,Rubiaceae,4106,-0.998275,0.548977,0.506684,0.437674,1,112,0.418989
genus,Cavanillesia,Malvaceae,Angiosperm,family,Malvaceae,4461,-1.20189,0.656564,0.487643,0.62546,1,247.7,0.33858
genus,Ceanothus,Rhamnaceae,Angiosperm,family,Rhamnaceae,689,-0.56848,0.52228,0.455881,0.462699,1,55.4,0.628407
genus,Cecropia,Urticaceae,Angiosperm,genus,Cecropia,247,-1.68605,0.840077,0.535237,0.647684,1,65,0.213779
genus,Cedrela,Meliaceae,Angiosperm,family,Meliaceae,2186,-0.866573,0.57892,0.474811,0.632607,1,280.3,0.470551
genus,Cedrelinga,Fabaceae,Angiosperm,family,Fabaceae,13535,-1.19381,0.703454,0.539608,0.602688,1,246.4,0.35056
genus,Cedrelopsis,Rutaceae,Angiosperm,family,Rutaceae,1836,-1.18574,0.604387,0.436409,0.516094,1,120,0.336044
genus,Cedrus,Pinaceae,Gymnosperm,family,Pinaceae,76326,-1.54844,0.715395,0.302654,0.653003,1,152.9,0.222542
genus,Ceiba,Malvaceae,Angiosperm,genus,Ceiba,78,-2.22833,0.923943,0.603971,0.762066,2.9,230,0.129259
genus,Celosia,Amaranthaceae,Angiosperm,division,Angiosperm,211929,-1.16468,0.646075,0.464109,0.608856,1,385,0.347503
genus,Celtis,Cannabaceae,Angiosperm,genus,Celtis,689,-1.46468,0.788285,0.471441,0.700471,1.1,101,0.258322
genus,Centroplacus,Centroplacaceae,Angiosperm,division,Angiosperm,211929,-1.16468,0.646075,0.464109,0.608856,1,385,0.347503
genus,Cephalanthus,Rubiaceae,Angiosperm,family,Rubiaceae,4106,-0.998275,0.548977,0.506684,0.437674,1,112,0.418989
genus,Cephalotaxus,Taxaceae,Gymnosperm,division,Gymnosperm,77655,-1.52419,0.708135,0.304932,0.651332,1,770,0.228162
genus,Cerasus,Rosaceae,Angiosperm,family,Rosaceae,1561,-0.948281,0.553616,0.50296,0.451948,1,100,0.439641
genus,Ceratopetalum,Cunoniaceae,Angiosperm,family,Cunoniaceae,98,-1.12508,0.728754,0.454835,0.574266,2.5,80.5,0.360003
genus,Cerbera,Apocynaceae,Angiosperm,family,Apocynaceae,1361,-1.21636,0.659122,0.458037,0.640796,1,186.2,0.329077
genus,Cercis,Fabaceae,Angiosperm,genus,Cercis,49,-0.751622,0.646219,0.409668,0.700743,1.1,32.6,0.512883
genus,Cercocarpus,Rosaceae,Angiosperm,family,Rosaceae,1561,-0.948281,0.553616,0.50296,0.451948,1,100,0.439641
genus,Chaenomeles,Rosaceae,Angiosperm,family,Rosaceae,1561,-0.948281,0.553616,0.50296,0.451948,1,100,0.439641
genus,Chaetocarpus,Euphorbiaceae,Angiosperm,family,Euphorbiaceae,6196,-1.17832,0.614096,0.482286,0.532154,1,117,0.345755
genus,Chamaecrista,Fabaceae,Angiosperm,family,Fabaceae,13535,-1.19381,0.703454,0.539608,0.602688,1,246.4,0.35056
genus,Chamaecyparis,Cupressaceae,Gymnosperm,genus,Chamaecyparis,76,-0.70286,0.372226,0.265354,0.398703,3.9,48.9,0.512911
genus,Champereia,Opiliaceae,Angiosperm,division,Angiosperm,211929,-1.16468,0.646075,0.464109,0.608856,1,385,0.347503
genus,Chassalia,Rubiaceae,Angiosperm,family,Rubiaceae,4106,-0.998275,0.548977,0.506684,0.437674,1,112,0.418989
genus,Cheiloclinium,Celastraceae,Angiosperm,family,Celastraceae,435,-1.13263,0.66231,0.556926,0.494744,1,101.6,0.376232
genus,Cheirodendron,Araliaceae,Angiosperm,family,Araliaceae,1392,-1.63073,0.730318,0.499306,0.591335,1,138.1,0.221779
genus,Chengiopanax,Araliaceae,Angiosperm,genus,Chengiopanax,36,-0.880606,0.610758,0.299987,0.781112,1.8,38.4,0.43361
genus,Chieniodendron,Annonaceae,Angiosperm,family,Annonaceae,1937,-0.832977,0.567258,0.469393,0.575238,1,126,0.485385
genus,Chimarrhis,Rubiaceae,Angiosperm,family,Rubiaceae,4106,-0.998275,0.548977,0.506684,0.437674,1,112,0.418989
genus,Chiococca,Rubiaceae,Angiosperm,family,Rubiaceae,4106,-0.998275,0.548977,0.506684,0.437674,1,112,0.418989
genus,Chionanthus,Oleaceae,Angiosperm,family,Oleaceae,3572,-0.928935,0.545344,0.439232,0.492978,1,88.8,0.434973
genus,Chisocheton,Meliaceae,Angiosperm,genus,Chisocheton,42,-0.639014,0.428366,0.373169,0.434004,2.2,53.1,0.565873
genus,Chloroleucon,Fabaceae,Angiosperm,genus,Chloroleucon,60,-1.1418,0.638435,0.668107,0.256215,3.4,38.4,0.39907
genus,Chloroxylon,Rutaceae,Angiosperm,family,Rutaceae,1836,-1.18574,0.604387,0.436409,0.516094,1,120,0.336044
genus,Choerospondias,Anacardiaceae,Angiosperm,genus,Choerospondias,31,-1.43342,0.669285,0.588521,0.460782,3.3,170,0.283586
genus,Choriceras,Picrodendraceae,Angiosperm,division,Angiosperm,211929,-1.16468,0.646075,0.464109,0.608856,1,385,0.347503
genus,Choristylis,Iteaceae,Angiosperm,division,Angiosperm,211929,-1.16468,0.646075,0.464109,0.608856,1,385,0.347503
genus,Chrysophyllum,Sapotaceae,Angiosperm,genus,Chrysophyllum,110,-0.830314,0.626325,0.439529,0.789386,1,94.7,0.480119
genus,Chukrasia,Meliaceae,Angiosperm,family,Meliaceae,2186,-0.866573,0.57892,0.474811,0.632607,1,280.3,0.470551
genus,Chunia,Hamamelidaceae,Angiosperm,family,Hamamelidaceae,264,-0.14195,0.387314,0.461524,0.330204,1,44,0.965173
genus,Chytranthus,Sapindaceae,Angiosperm,family,Sapindaceae,9911,-0.998904,0.640163,0.420493,0.572939,1,141.2,0.402324
genus,Cinchona,Rubiaceae,Angiosperm,family,Rubiaceae,4106,-0.998275,0.548977,0.506684,0.437674,1,112,0.418989
genus,Cinnamomum,Lauraceae,Angiosperm,genus,Cinnamomum,474,-1.15064,0.554906,0.388967,0.488345,1.1,94.6,0.341301
genus,Cipadessa,Meliaceae,Angiosperm,family,Meliaceae,2186,-0.866573,0.57892,0.474811,0.632607,1,280.3,0.470551
genus,Cissus,Vitaceae,Angiosperm,division,Angiosperm,211929,-1.16468,0.646075,0.464109,0.608856,1,385,0.347503
genus,Citharexylum,Verbenaceae,Angiosperm,division,Angiosperm,211929,-1.16468,0.646075,0.464109,0.608856,1,385,0.347503
genus,Citronella,Cardiopteridaceae,Angiosperm,family,Cardiopteridaceae,218,-0.945386,0.508211,0.374005,0.3664,1.3,38,0.416676
genus,Citrus,Rutaceae,Angiosperm,family,Rutaceae,1836,-1.18574,0.604387,0.436409,0.516094,1,120,0.336044
genus,Cladrastis,Fabaceae,Angiosperm,family,Fabaceae,13535,-1.19381,0.703454,0.539608,0.602688,1,246.4,0.35056
genus,Claoxylon,Euphorbiaceae,Angiosperm,family,Euphorbiaceae,6196,-1.17832,0.614096,0.482286,0.532154,1,117,0.345755
genus,Clarisia,Moraceae,Angiosperm,genus,Clarisia,35,-1.07359,0.682947,0.44974,0.703152,1,64.9,0.378151
genus,Clausena,Rutaceae,Angiosperm,genus,Clausena,92,-1.83815,0.920261,0.415368,0.704463,3,51.9,0.173447
genus,Cleidion,Euphorbiaceae,Angiosperm,family,Euphorbiaceae,6196,-1.17832,0.614096,0.482286,0.532154,1,117,0.345755
genus,Cleistanthus,Phyllanthaceae,Angiosperm,genus,Cleistanthus,396,-1.41836,0.833149,0.393407,0.75464,1.1,80,0.261589
genus,Cleistopholis,Annonaceae,Angiosperm,family,Annonaceae,1937,-0.832977,0.567258,0.469393,0.575238,1,126,0.485385
genus,Clermontia,Campanulaceae,Angiosperm,division,Angiosperm,211929,-1.16468,0.646075,0.464109,0.608856,1,385,0.347503
genus,Clerodendrum,Lamiaceae,Angiosperm,family,Lamiaceae,683,-1.20981,0.61105,0.537772,0.453723,1,77.5,0.344655
genus,Clethra,Clethraceae,Angiosperm,genus,Clethra,32,-0.806516,0.631036,0.290765,0.896232,1.2,59.4,0.465686
genus,Cleyera,Pentaphylacaceae,Angiosperm,genus,Cleyera,89,-0.694196,0.471061,0.431275,0.41732,1.2,36.3,0.548155
genus,Clitoria,Fabaceae,Angiosperm,family,Fabaceae,13535,-1.19381,0.703454,0.539608,0.602688,1,246.4,0.35056
genus,Clusia,Clusiaceae,Angiosperm,genus,Clusia,37,0.509264,0.344191,0.266367,0.23983,8.3,65,1.72416
genus,Cnesmocarpon,Sapindaceae,Angiosperm,family,Sapindaceae,9911,-0.998904,0.640163,0.420493,0.572939,1,141.2,0.402324
genus,Cnidoscolus,Euphorbiaceae,Angiosperm,family,Euphorbiaceae,6196,-1.17832,0.614096,0.482286,0.532154,1,117,0.345755
genus,Coccoloba,Polygonaceae,Angiosperm,division,Angiosperm,211929,-1.16468,0.646075,0.464109,0.608856,1,385,0.347503
genus,Cocculus,Menispermaceae,Angiosperm,division,Angiosperm,211929,-1.16468,0.646075,0.464109,0.608856,1,385,0.347503
genus,Cochlospermum,Bixaceae,Angiosperm,genus,Cochlospermum,140,-1.71479,0.563413,0.62861,0.213308,1.6,40.5,0.219321
genus,Cocos,Arecaceae,Angiosperm,division,Angiosperm,211929,-1.16468,0.646075,0.464109,0.608856,1,385,0.347503
genus,Codonocarpus,Gyrostemonaceae,Angiosperm,division,Angiosperm,211929,-1.16468,0.646075,0.464109,0.608856,1,385,0.347503
genus,Coelocaryon,Myristicaceae,Angiosperm,genus,Coelocaryon,37,-1.23056,0.658966,0.410922,0.400404,10.6,95,0.317865
genus,Coelospermum,Rubiaceae,Angiosperm,family,Rubiaceae,4106,-0.998275,0.548977,0.506684,0.437674,1,112,0.418989
genus,Coelostegia,Malvaceae,Angiosperm,family,Malvaceae,4461,-1.20189,0.656564,0.487643,0.62546,1,247.7,0.33858
genus,Coffea,Rubiaceae,Angiosperm,family,Rubiaceae,4106,-0.998275,0.548977,0.506684,0.437674,1,112,0.418989
genus,Cojoba,Fabaceae,Angiosperm,family,Fabaceae,13535,-1.19381,0.703454,0.539608,0.602688,1,246.4,0.35056
genus,Cola,Malvaceae,Angiosperm,genus,Cola,38,-2.32414,0.987784,0.514717,0.505993,11.6,66.6,0.11173
genus,Colophospermum,Fabaceae,Angiosperm,genus,Colophospermum,213,-1.06482,0.631457,0.269387,0.69702,2.2,52.2,0.357531
genus,Colubrina,Rhamnaceae,Angiosperm,genus,Colubrina,79,-0.739955,0.462245,0.542395,0.264008,1.1,25.4,0.552745
genus,Combretum,Combretaceae,Angiosperm,genus,Combretum,420,-1.21035,0.758755,0.412611,0.690399,1.9,59.7,0.32458
genus,Commersonia,Malvaceae,Angiosperm,family,Malvaceae,4461,-1.20189,0.656564,0.487643,0.62546,1,247.7,0.33858
genus,Commiphora,Burseraceae,Angiosperm,family,Burseraceae,3087,-1.49501,0.716147,0.568016,0.5364,1,150.6,0.263503
genus,Comocladia,Anacardiaceae,Angiosperm,family,Anacardiaceae,2052,-1.2584,0.679159,0.439244,0.710644,1,197.5,0.312881
genus,Compsoneura,Myristicaceae,Angiosperm,family,Myristicaceae,964,-0.851103,0.613182,0.355717,0.708463,1,136.8,0.454828
genus,Connarus,Connaraceae,Angiosperm,family,Connaraceae,77,-1.22165,0.585382,0.426067,0.359038,2.5,37.3,0.322748
genus,Conostegia,Melastomataceae,Angiosperm,family,Melastomataceae,523,-0.779471,0.547054,0.460786,0.517693,1,49.7,0.510018
genus,Copaifera,Fabaceae,Angiosperm,genus,Copaifera,47,-1.32328,0.767908,0.331722,0.713062,7.2,142.3,0.28132
genus,Coprosma,Rubiaceae,Angiosperm,family,Rubiaceae,4106,-0.998275,0.548977,0.506684,0.437674,1,112,0.418989
genus,Cordia,Boraginaceae,Angiosperm,genus,Cordia,219,-0.885941,0.544282,0.47851,0.622141,1,106.3,0.46234
genus,Cordyline,Asparagaceae,Angiosperm,family,Asparagaceae,65,-1.14251,0.566072,0.596771,0.29815,1.3,82.2,0.381198
genus,Coriaria,Coriariaceae,Angiosperm,division,Angiosperm,211929,-1.16468,0.646075,0.464109,0.608856,1,385,0.347503
genus,Cornus,Cornaceae,Angiosperm,genus,Cornus,394,-1.48685,0.90961,0.565975,0.707471,1,26.7,0.265355
genus,Cornutia,Lamiaceae,Angiosperm,family,Lamiaceae,683,-1.20981,0.61105,0.537772,0.453723,1,77.5,0.344655
genus,Corylopsis,Hamamelidaceae,Angiosperm,family,Hamamelidaceae,264,-0.14195,0.387314,0.461524,0.330204,1,44,0.965173
genus,Corylus,Betulaceae,Angiosperm,genus,Corylus,296,-0.42787,0.620829,0.382975,0.672295,1,24.7,0.701499
genus,Corymbia,Myrtaceae,Angiosperm,genus,Corymbia,275,-0.729962,0.479755,0.432636,0.463633,1,45,0.529207
genus,Corynanthe,Rubiaceae,Angiosperm,family,Rubiaceae,4106,-0.998275,0.548977,0.506684,0.437674,1,112,0.418989
genus,Corynocarpus,Corynocarpaceae,Angiosperm,division,Angiosperm,211929,-1.16468,0.646075,0.464109,0.608856,1,385,0.347503
genus,Cosmocalyx,Rubiaceae,Angiosperm,genus,Cosmocalyx,34,-1.82677,0.837647,0.505326,0.60215,2.5,27,0.18285
genus,Cotylelobium,Dipterocarpaceae,Angiosperm,family,Dipterocarpaceae,3821,-1.58657,0.774201,0.418766,0.726176,1,212,0.223378
genus,Couepia,Chrysobalanaceae,Angiosperm,family,Chrysobalanaceae,345,-0.800438,0.601551,0.417896,0.671237,1.1,99.9,0.490113
genus,Coula,Olacaceae,Angiosperm,family,Olacaceae,464,-0.746868,0.592203,0.381469,0.573087,1.4,103,0.50961
genus,Coulteria,Fabaceae,Angiosperm,family,Fabaceae,13535,-1.19381,0.703454,0.539608,0.602688,1,246.4,0.35056
genus,Couma,Apocynaceae,Angiosperm,family,Apocynaceae,1361,-1.21636,0.659122,0.458037,0.640796,1,186.2,0.329077
genus,Couratari,Lecythidaceae,Angiosperm,genus,Couratari,42,-1.60094,0.78814,0.415802,0.7123,5,142.8,0.219919
genus,Coussapoa,Urticaceae,Angiosperm,family,Urticaceae,449,-1.4549,0.788163,0.497939,0.661041,1,105.1,0.264232
genus,Coussarea,Rubiaceae,Angiosperm,family,Rubiaceae,4106,-0.998275,0.548977,0.506684,0.437674,1,112,0.418989
genus,Crataegus,Rosaceae,Angiosperm,genus,Crataegus,349,-1.2417,0.530599,0.427174,0.246412,1.5,39,0.316491
genus,Crateva,Capparaceae,Angiosperm,family,Capparaceae,456,-0.69434,0.432976,0.407584,0.381963,1,33.3,0.542657
genus,Cratoxylum,Hypericaceae,Angiosperm,genus,Cratoxylum,588,-1.30932,0.59164,0.354988,0.419478,3,40.4,0.287564
genus,Crepidospermum,Burseraceae,Angiosperm,family,Burseraceae,3087,-1.49501,0.716147,0.568016,0.5364,1,150.6,0.263503
genus,Crossopetalum,Celastraceae,Angiosperm,family,Celastraceae,435,-1.13263,0.66231,0.556926,0.494744,1,101.6,0.376232
genus,Crossopteryx,Rubiaceae,Angiosperm,family,Rubiaceae,4106,-0.998275,0.548977,0.506684,0.437674,1,112,0.418989
genus,Croton,Euphorbiaceae,Angiosperm,genus,Croton,735,-1.19952,0.615718,0.581735,0.381776,1,76.5,0.356897
genus,Crudia,Fabaceae,Angiosperm,family,Fabaceae,13535,-1.19381,0.703454,0.539608,0.602688,1,246.4,0.35056
genus,Crypteronia,Crypteroniaceae,Angiosperm,division,Angiosperm,211929,-1.16468,0.646075,0.464109,0.608856,1,385,0.347503
genus,Cryptocarya,Lauraceae,Angiosperm,genus,Cryptocarya,604,-1.22445,0.596929,0.474069,0.441927,1.8,106,0.328875
genus,Cryptomeria,Cupressaceae,Gymnosperm,family,Cupressaceae,563,-1.03097,0.556493,0.392518,0.571444,1,770,0.385224
genus,Ctenolophon,Ctenolophonaceae,Angiosperm,genus,Ctenolophon,105,-0.583943,0.566695,0.258505,0.84173,2.3,184,0.576643
genus,Cudrania,Moraceae,Angiosperm,family,Moraceae,2663,-1.1809,0.654914,0.498565,0.646044,1,217.7,0.34763
genus,Cunninghamia,Cupressaceae,Gymnosperm,genus,Cunninghamia,56,-1.77015,0.777391,0.537516,0.55006,1.2,27.7,0.196777
genus,Cupania,Sapindaceae,Angiosperm,family,Sapindaceae,9911,-0.998904,0.640163,0.420493,0.572939,1,141.2,0.402324
genus,Cupaniopsis,Sapindaceae,Angiosperm,family,Sapindaceae,9911,-0.998904,0.640163,0.420493,0.572939,1,141.2,0.402324
genus,Cupressus,Cupressaceae,Gymnosperm,genus,Cupressus,105,-1.09879,0.656711,0.298297,0.680031,2.8,54.5,0.348437
genus,Curatella,Dilleniaceae,Angiosperm,family,Dilleniaceae,320,-0.9912,0.507868,0.474276,0.310851,2.3,66,0.41531
genus,Cussonia,Araliaceae,Angiosperm,family,Araliaceae,1392,-1.63073,0.730318,0.499306,0.591335,1,138.1,0.221779
genus,Cyathocalyx,Annonaceae,Angiosperm,family,Annonaceae,1937,-0.832977,0.567258,0.469393,0.575238,1,126,0.485385
genus,Cyclophyllum,Rubiaceae,Angiosperm,family,Rubiaceae,4106,-0.998275,0.548977,0.506684,0.437674,1,112,0.418989
genus,Cylicodiscus,Fabaceae,Angiosperm,family,Fabaceae,13535,-1.19381,0.703454,0.539608,0.602688,1,246.4,0.35056
genus,Cymbopetalum,Annonaceae,Angiosperm,genus,Cymbopetalum,72,-0.709803,0.648479,0.309011,0.848408,1,35,0.515788
genus,Cynometra,Fabaceae,Angiosperm,family,Fabaceae,13535,-1.19381,0.703454,0.539608,0.602688,1,246.4,0.35056
genus,Cynophalla,Capparaceae,Angiosperm,family,Capparaceae,456,-0.69434,0.432976,0.407584,0.381963,1,33.3,0.542657
genus,Cyrilla,Cyrillaceae,Angiosperm,division,Angiosperm,211929,-1.16468,0.646075,0.464109,0.608856,1,385,0.347503
genus,Cyrtocarpa,Anacardiaceae,Angiosperm,family,Anacardiaceae,2052,-1.2584,0.679159,0.439244,0.710644,1,197.5,0.312881
genus,Cyrtogonone,Euphorbiaceae,Angiosperm,family,Euphorbiaceae,6196,-1.17832,0.614096,0.482286,0.532154,1,117,0.345755
genus,Dacrycarpus,Podocarpaceae,Gymnosperm,genus,Dacrycarpus,81,-1.33461,0.640968,0.347151,0.76095,2.8,157.4,0.279613
genus,Dacrydium,Podocarpaceae,Gymnosperm,genus,Dacrydium,159,-1.08936,0.589874,0.322042,0.818652,3,224,0.354337
genus,Dacryodes,Burseraceae,Angiosperm,genus,Dacryodes,128,-1.00212,0.663833,0.385524,0.776496,1.2,93.6,0.395422
genus,Dactylocladus,Crypteroniaceae,Angiosperm,division,Angiosperm,211929,-1.16468,0.646075,0.464109,0.608856,1,385,0.347503
genus,Dahlia,Asteraceae,Angiosperm,division,Angiosperm,211929,-1.16468,0.646075,0.464109,0.608856,1,385,0.347503
genus,Dalbergia,Fabaceae,Angiosperm,genus,Dalbergia,291,-1.10533,0.573734,0.417719,0.573769,2.3,75.9,0.361285
genus,Dalbergiella,Fabaceae,Angiosperm,family,Fabaceae,13535,-1.19381,0.703454,0.539608,0.602688,1,246.4,0.35056
genus,Damburneya,Lauraceae,Angiosperm,genus,Damburneya,134,-1.38249,0.809071,0.415407,0.847185,1,70,0.273566
genus,Daniellia,Fabaceae,Angiosperm,family,Fabaceae,13535,-1.19381,0.703454,0.539608,0.602688,1,246.4,0.35056
genus,Daphnandra,Atherospermataceae,Angiosperm,division,Angiosperm,211929,-1.16468,0.646075,0.464109,0.608856,1,385,0.347503
genus,Daphniphyllum,Daphniphyllaceae,Angiosperm,genus,Daphniphyllum,157,-1.12468,0.628183,0.366256,0.522384,2.6,34.4,0.347285
genus,Darlingia,Proteaceae,Angiosperm,family,Proteaceae,510,-1.50893,0.80052,0.381045,0.713551,1.8,88,0.237798
genus,Dasymaschalon,Annonaceae,Angiosperm,family,Annonaceae,1937,-0.832977,0.567258,0.469393,0.575238,1,126,0.485385
genus,Davidsonia,Cunoniaceae,Angiosperm,family,Cunoniaceae,98,-1.12508,0.728754,0.454835,0.574266,2.5,80.5,0.360003
genus,Daviesia,Fabaceae,Angiosperm,family,Fabaceae,13535,-1.19381,0.703454,0.539608,0.602688,1,246.4,0.35056
genus,Davilla,Dilleniaceae,Angiosperm,family,Dilleniaceae,320,-0.9912,0.507868,0.474276,0.310851,2.3,66,0.41531
genus,Decaspermum,Myrtaceae,Angiosperm,genus,Decaspermum,254,-1.40984,0.660551,0.443927,0.411627,3,35.9,0.269468
genus,Dehaasia,Lauraceae,Angiosperm,family,Lauraceae,6466,-0.827153,0.494061,0.501244,0.495364,1,195,0.495826
genus,Delonix,Fabaceae,Angiosperm,family,Fabaceae,13535,-1.19381,0.703454,0.539608,0.602688,1,246.4,0.35056
genus,Dendrocnide,Urticaceae,Angiosperm,genus,Dendrocnide,60,-1.21691,0.68517,0.288793,0.231363,10.2,27,0.308755
genus,Dendrokingstonia,Annonaceae,Angiosperm,family,Annonaceae,1937,-0.832977,0.567258,0.469393,0.575238,1,126,0.485385
genus,Dendrolobium,Fabaceae,Angiosperm,family,Fabaceae,13535,-1.19381,0.703454,0.539608,0.602688,1,246.4,0.35056
genus,Dendropanax,Araliaceae,Angiosperm,genus,Dendropanax,104,-1.07855,0.681877,0.364431,0.828035,1,73,0.363437
genus,Dendrosenecio,Asteraceae,Angiosperm,division,Angiosperm,211929,-1.16468,0.646075,0.464109,0.608856,1,385,0.347503
genus,Denhamia,Celastraceae,Angiosperm,family,Celastraceae,435,-1.13263,0.66231,0.556926,0.494744,1,101.6,0.376232
genus,Desbordesia,Irvingiaceae,Angiosperm,family,Irvingiaceae,75,-1.59721,0.834102,0.460154,0.643919,10.3,174,0.225071
genus,Desmopsis,Annonaceae,Angiosperm,family,Annonaceae,1937,-0.832977,0.567258,0.469393,0.575238,1,126,0.485385
genus,Desmos,Annonaceae,Angiosperm,family,Annonaceae,1937,-0.832977,0.567258,0.469393,0.575238,1,126,0.485385
genus,Desplatsia,Malvaceae,Angiosperm,family,Malvaceae,4461,-1.20189,0.656564,0.487643,0.62546,1,247.7,0.33858
genus,Detarium,Fabaceae,Angiosperm,family,Fabaceae,13535,-1.19381,0.703454,0.539608,0.602688,1,246.4,0.35056
genus,Diabelia,Caprifoliaceae,Angiosperm,division,Angiosperm,211929,-1.16468,0.646075,0.464109,0.608856,1,385,0.347503
genus,Dialium,Fabaceae,Angiosperm,genus,Dialium,165,-0.928801,0.650447,0.403325,0.702576,1,130,0.428499
genus,Dichapetalum,Dichapetalaceae,Angiosperm,division,Angiosperm,211929,-1.16468,0.646075,0.464109,0.608856,1,385,0.347503
genus,Dichostemma,Euphorbiaceae,Angiosperm,genus,Dichostemma,81,-2.14314,0.980196,0.417497,0.335682,10.3,34.3,0.127967
genus,Dichrostachys,Fabaceae,Angiosperm,family,Fabaceae,13535,-1.19381,0.703454,0.539608,0.602688,1,246.4,0.35056
genus,Dicorynia,Fabaceae,Angiosperm,family,Fabaceae,13535,-1.19381,0.703454,0.539608,0.602688,1,246.4,0.35056
genus,Dillenia,Dilleniaceae,Angiosperm,genus,Dillenia,319,-0.99129,0.508031,0.474997,0.310922,2.3,66,0.415414
genus,Dimocarpus,Sapindaceae,Angiosperm,genus,Dimocarpus,72,-1.53663,0.78143,0.334687,0.752405,3,48.7,0.227496
genus,Dimorphandra,Fabaceae,Angiosperm,family,Fabaceae,13535,-1.19381,0.703454,0.539608,0.602688,1,246.4,0.35056
genus,Dimorphocalyx,Euphorbiaceae,Angiosperm,family,Euphorbiaceae,6196,-1.17832,0.614096,0.482286,0.532154,1,117,0.345755
genus,Dinizia,Fabaceae,Angiosperm,family,Fabaceae,13535,-1.19381,0.703454,0.539608,0.602688,1,246.4,0.35056
genus,Dinosperma,Rutaceae,Angiosperm,family,Rutaceae,1836,-1.18574,0.604387,0.436409,0.516094,1,120,0.336044
genus,Diogoa,Olacaceae,Angiosperm,family,Olacaceae,464,-0.746868,0.592203,0.381469,0.573087,1.4,103,0.50961
genus,Diospyros,Ebenaceae,Angiosperm,genus,Diospyros,2365,-1.07417,0.578095,0.490275,0.470111,1,77.3,0.385203
genus,Diphysa,Fabaceae,Angiosperm,family,Fabaceae,13535,-1.19381,0.703454,0.539608,0.602688,1,246.4,0.35056
genus,Diplodiscus,Malvaceae,Angiosperm,family,Malvaceae,4461,-1.20189,0.656564,0.487643,0.62546,1,247.7,0.33858
genus,Diploglottis,Sapindaceae,Angiosperm,family,Sapindaceae,9911,-0.998904,0.640163,0.420493,0.572939,1,141.2,0.402324
genus,Diplorhynchus,Apocynaceae,Angiosperm,genus,Diplorhynchus,292,-1.20006,0.746441,0.468794,0.637735,1.6,56,0.336157
genus,Diplospora,Rubiaceae,Angiosperm,genus,Diplospora,147,-1.08867,0.580393,0.413648,0.408987,1.3,40,0.366734
genus,Dipterocarpus,Dipterocarpaceae,Angiosperm,genus,Dipterocarpus,123,-1.13872,0.687644,0.264447,0.917507,1.1,154.5,0.331623
genus,Dipteryx,Fabaceae,Angiosperm,genus,Dipteryx,53,-2.22537,1.01717,0.263289,0.856039,6.3,172.6,0.111837
genus,Dirca,Thymelaeaceae,Angiosperm,family,Thymelaeaceae,136,-0.97815,0.583658,0.396527,0.586642,1.1,37.5,0.40676
genus,Discocnide,Urticaceae,Angiosperm,family,Urticaceae,449,-1.4549,0.788163,0.497939,0.661041,1,105.1,0.264232
genus,Discoglypremna,Euphorbiaceae,Angiosperm,family,Euphorbiaceae,6196,-1.17832,0.614096,0.482286,0.532154,1,117,0.345755
genus,Disepalum,Annonaceae,Angiosperm,family,Annonaceae,1937,-0.832977,0.567258,0.469393,0.575238,1,126,0.485385
genus,Distemonanthus,Fabaceae,Angiosperm,family,Fabaceae,13535,-1.19381,0.703454,0.539608,0.602688,1,246.4,0.35056
genus,Distylium,Hamamelidaceae,Angiosperm,family,Hamamelidaceae,264,-0.14195,0.387314,0.461524,0.330204,1,44,0.965173
genus,Ditaxis,Euphorbiaceae,Angiosperm,family,Euphorbiaceae,6196,-1.17832,0.614096,0.482286,0.532154,1,117,0.345755
genus,Ditrysinia,Euphorbiaceae,Angiosperm,family,Euphorbiaceae,6196,-1.17832,0.614096,0.482286,0.532154,1,117,0.345755
genus,Dodonaea,Sapindaceae,Angiosperm,family,Sapindaceae,9911,-0.998904,0.640163,0.420493,0.572939,1,141.2,0.402324
genus,Dolichandrone,Bignoniaceae,Angiosperm,family,Bignoniaceae,878,-1.40041,0.718885,0.507137,0.645503,1.1,137.3,0.280322
genus,Dombeya,Malvaceae,Angiosperm,family,Malvaceae,4461,-1.20189,0.656564,0.487643,0.62546,1,247.7,0.33858
genus,Doryphora,Atherospermataceae,Angiosperm,division,Angiosperm,211929,-1.16468,0.646075,0.464109,0.608856,1,385,0.347503
genus,Dracaena,Asparagaceae,Angiosperm,genus,Dracaena,41,-1.18323,0.660096,0.57032,0.374006,1.3,82.2,0.360381
genus,Dracontomelon,Anacardiaceae,Angiosperm,family,Anacardiaceae,2052,-1.2584,0.679159,0.439244,0.710644,1,197.5,0.312881
genus,Drimycarpus,Anacardiaceae,Angiosperm,family,Anacardiaceae,2052,-1.2584,0.679159,0.439244,0.710644,1,197.5,0.312881
genus,Dryobalanops,Dipterocarpaceae,Angiosperm,genus,Dryobalanops,67,-0.925398,0.568228,0.215564,0.757479,10.5,135.5,0.405691
genus,Drypetes,Putranjivaceae,Angiosperm,genus,Drypetes,559,-1.18648,0.668577,0.520522,0.562337,1.1,72.5,0.349585
genus,Duabanga,Lythraceae,Angiosperm,family,Lythraceae,69,-1.43874,0.632124,0.442631,0.564493,2.7,59.5,0.261642
genus,Duboscia,Malvaceae,Angiosperm,genus,Duboscia,33,-0.544273,0.51795,0.264487,0.530725,14.2,118,0.600918
genus,Duckeodendron,Solanaceae,Angiosperm,division,Angiosperm,211929,-1.16468,0.646075,0.464109,0.608856,1,385,0.347503
genus,Duguetia,Annonaceae,Angiosperm,family,Annonaceae,1937,-0.832977,0.567258,0.469393,0.575238,1,126,0.485385
genus,Duperrea,Rubiaceae,Angiosperm,family,Rubiaceae,4106,-0.998275,0.548977,0.506684,0.437674,1,112,0.418989
genus,Durio,Malvaceae,Angiosperm,genus,Durio,49,-0.69779,0.613756,0.320763,0.648543,6,88.7,0.523957
genus,Dussia,Fabaceae,Angiosperm,family,Fabaceae,13535,-1.19381,0.703454,0.539608,0.602688,1,246.4,0.35056
genus,Dyera,Apocynaceae,Angiosperm,family,Apocynaceae,1361,-1.21636,0.659122,0.458037,0.640796,1,186.2,0.329077
genus,Dysoxylum,Meliaceae,Angiosperm,genus,Dysoxylum,83,-1.44266,0.654943,0.428854,0.526415,3,68,0.259058
genus,Ecclinusa,Sapotaceae,Angiosperm,family,Sapotaceae,3340,-1.00975,0.592546,0.498707,0.615454,1,180,0.412551
genus,Ehretia,Boraginaceae,Angiosperm,genus,Ehretia,68,-1.27412,0.669024,0.660533,0.291383,2.5,26.4,0.347857
genus,Ekebergia,Meliaceae,Angiosperm,family,Meliaceae,2186,-0.866573,0.57892,0.474811,0.632607,1,280.3,0.470551
genus,Elaeagnus,Elaeagnaceae,Angiosperm,division,Angiosperm,211929,-1.16468,0.646075,0.464109,0.608856,1,385,0.347503
genus,Elaeocarpus,Elaeocarpaceae,Angiosperm,genus,Elaeocarpus,395,-1.29124,0.620295,0.42628,0.519019,2.6,90,0.301079
genus,Elateriospermum,Euphorbiaceae,Angiosperm,genus,Elateriospermum,31,-0.349677,0.442401,0.311635,0.737232,1.4,60.4,0.73999
genus,Elattostachys,Sapindaceae,Angiosperm,family,Sapindaceae,9911,-0.998904,0.640163,0.420493,0.572939,1,141.2,0.402324
genus,Elephantorrhiza,Fabaceae,Angiosperm,family,Fabaceae,13535,-1.19381,0.703454,0.539608,0.602688,1,246.4,0.35056
genus,Ellipanthus,Connaraceae,Angiosperm,genus,Ellipanthus,70,-1.37444,0.623059,0.331964,0.482361,3,37.3,0.267312
genus,Emmenosperma,Rhamnaceae,Angiosperm,family,Rhamnaceae,689,-0.56848,0.52228,0.455881,0.462699,1,55.4,0.628407
genus,Emmotum,Metteniusaceae,Angiosperm,family,Metteniusaceae,99,-1.22688,0.595235,0.38929,0.508359,3.3,39.5,0.316286
genus,Endiandra,Lauraceae,Angiosperm,family,Lauraceae,6466,-0.827153,0.494061,0.501244,0.495364,1,195,0.495826
genus,Endlicheria,Lauraceae,Angiosperm,genus,Endlicheria,67,-1.39823,0.767726,0.307353,0.484406,11.7,54.9,0.258983
genus,Endocomia,Myristicaceae,Angiosperm,family,Myristicaceae,964,-0.851103,0.613182,0.355717,0.708463,1,136.8,0.454828
genus,Endodesmia,Calophyllaceae,Angiosperm,family,Calophyllaceae,278,-0.907257,0.665366,0.351527,0.820939,1.1,163,0.429355
genus,Endopleura,Humiriaceae,Angiosperm,genus,Endopleura,30,-1.56076,0.783704,0.2822,0.675107,10.2,89.8,0.218507
genus,Endospermum,Euphorbiaceae,Angiosperm,genus,Endospermum,189,-1.30154,0.632753,0.420258,0.501505,3.2,60.8,0.297235
genus,Engelhardia,Juglandaceae,Angiosperm,genus,Engelhardia,748,-1.45527,0.651821,0.390735,0.539194,3,70,0.251848
genus,Engelhardtia,Juglandaceae,Angiosperm,family,Juglandaceae,1068,-1.78882,0.840949,0.446595,0.640864,1.6,72.6,0.184687
genus,Enicosanthum,Annonaceae,Angiosperm,family,Annonaceae,1937,-0.832977,0.567258,0.469393,0.575238,1,126,0.485385
genus,Enkianthus,Ericaceae,Angiosperm,family,Ericaceae,1443,-0.62978,0.4646,0.371398,0.552415,1,149,0.570745
genus,Entada,Fabaceae,Angiosperm,family,Fabaceae,13535,-1.19381,0.703454,0.539608,0.602688,1,246.4,0.35056
genus,Entandrophragma,Meliaceae,Angiosperm,genus,Entandrophragma,81,-2.40358,0.974832,0.386524,0.85608,10.5,280.3,0.0974048
genus,Enterolobium,Fabaceae,Angiosperm,family,Fabaceae,13535,-1.19381,0.703454,0.539608,0.602688,1,246.4,0.35056
genus,Eperua,Fabaceae,Angiosperm,genus,Eperua,87,-0.660644,0.510702,0.377311,0.433002,5.4,142,0.554626
genus,Ephedra,Ephedraceae,Gymnosperm,division,Gymnosperm,77655,-1.52419,0.708135,0.304932,0.651332,1,770,0.228162
genus,Ephedranthus,Annonaceae,Angiosperm,family,Annonaceae,1937,-0.832977,0.567258,0.469393,0.575238,1,126,0.485385
genus,Epiprinus,Euphorbiaceae,Angiosperm,family,Euphorbiaceae,6196,-1.17832,0.614096,0.482286,0.532154,1,117,0.345755
genus,Eremophila,Scrophulariaceae,Angiosperm,division,Angiosperm,211929,-1.16468,0.646075,0.464109,0.608856,1,385,0.347503
genus,Erica,Ericaceae,Angiosperm,genus,Erica,635,-1.56601,0.793179,0.40119,0.369696,10,67,0.226381
genus,Eriobotrya,Rosaceae,Angiosperm,genus,Eriobotrya,71,-1.27083,0.634344,0.312917,0.609304,3,43,0.294679
genus,Eriocoelum,Sapindaceae,Angiosperm,family,Sapindaceae,9911,-0.998904,0.640163,0.420493,0.572939,1,141.2,0.402324
genus,Eriotheca,Malvaceae,Angiosperm,family,Malvaceae,4461,-1.20189,0.656564,0.487643,0.62546,1,247.7,0.33858
genus,Erisma,Vochysiaceae,Angiosperm,family,Vochysiaceae,117,-1.30568,0.729449,0.344753,0.639775,6,125.7,0.287582
genus,Erismadelphus,Vochysiaceae,Angiosperm,family,Vochysiaceae,117,-1.30568,0.729449,0.344753,0.639775,6,125.7,0.287582
genus,Erismanthus,Euphorbiaceae,Angiosperm,family,Euphorbiaceae,6196,-1.17832,0.614096,0.482286,0.532154,1,117,0.345755
genus,Erithalis,Rubiaceae,Angiosperm,family,Rubiaceae,4106,-0.998275,0.548977,0.506684,0.437674,1,112,0.418989
genus,Erycibe,Convolvulaceae,Angiosperm,division,Angiosperm,211929,-1.16468,0.646075,0.464109,0.608856,1,385,0.347503
genus,Erythrina,Fabaceae,Angiosperm,family,Fabaceae,13535,-1.19381,0.703454,0.539608,0.602688,1,246.4,0.35056
genus,Erythrococca,Euphorbiaceae,Angiosperm,family,Euphorbiaceae,6196,-1.17832,0.614096,0.482286,0.532154,1,117,0.345755
genus,Erythrophleum,Fabaceae,Angiosperm,genus,Erythrophleum,339,-1.13843,0.709463,0.458737,0.740753,1,112.2,0.355861
genus,Erythroxylum,Erythroxylaceae,Angiosperm,division,Angiosperm,211929,-1.16468,0.646075,0.464109,0.608856,1,385,0.347503
genus,Eschweilera,Lecythidaceae,Angiosperm,genus,Eschweilera,518,-0.770643,0.551539,0.374745,0.41536,5.4,84.4,0.496374
genus,Esenbeckia,Rutaceae,Angiosperm,genus,Esenbeckia,103,-0.885427,0.492311,0.501637,0.298992,1.3,27.1,0.46785
genus,Eucalyptus,Myrtaceae,Angiosperm,genus,Eucalyptus,4930,-0.99423,0.537683,0.349216,0.594649,1,385,0.393272
genus,Eucommia,Eucommiaceae,Angiosperm,division,Angiosperm,211929,-1.16468,0.646075,0.464109,0.608856,1,385,0.347503
genus,Eucryphia,Cunoniaceae,Angiosperm,family,Cunoniaceae,98,-1.12508,0.728754,0.454835,0.574266,2.5,80.5,0.360003
genus,Eugenia,Myrtaceae,Angiosperm,genus,Eugenia,577,-1.05998,0.634793,0.435282,0.537407,1,36.8,0.38089
genus,Euodia,Rutaceae,Angiosperm,family,Rutaceae,1836,-1.18574,0.604387,0.436409,0.516094,1,120,0.336044
genus,Euonymus,Celastraceae,Angiosperm,genus,Euonymus,82,-1.15605,0.616934,0.479853,0.34658,1,22.6,0.353129
genus,Euphorbia,Euphorbiaceae,Angiosperm,family,Euphorbiaceae,6196,-1.17832,0.614096,0.482286,0.532154,1,117,0.345755
genus,Euplassa,Proteaceae,Angiosperm,family,Proteaceae,510,-1.50893,0.80052,0.381045,0.713551,1.8,88,0.237798
genus,Eupomatia,Eupomatiaceae,Angiosperm,division,Angiosperm,211929,-1.16468,0.646075,0.464109,0.608856,1,385,0.347503
genus,Euroschinus,Anacardiaceae,Angiosperm,family,Anacardiaceae,2052,-1.2584,0.679159,0.439244,0.710644,1,197.5,0.312881
genus,Eurya,Pentaphylacaceae,Angiosperm,genus,Eurya,654,-1.00893,0.467895,0.373524,0.331084,1.5,62,0.390953
genus,Eurycoma,Simaroubaceae,Angiosperm,family,Simaroubaceae,164,-1.05908,0.616087,0.466485,0.707822,1,78.9,0.386634
genus,Eurypetalum,Fabaceae,Angiosperm,family,Fabaceae,13535,-1.19381,0.703454,0.539608,0.602688,1,246.4,0.35056
genus,Euscaphis,Staphyleaceae,Angiosperm,family,Staphyleaceae,84,-0.892752,0.601233,0.452821,0.625817,1,55.4,0.453741
genus,Eusideroxylon,Lauraceae,Angiosperm,genus,Eusideroxylon,55,-0.579715,0.468965,0.296574,0.398028,11.2,108,0.585238
genus,Euxylophora,Rutaceae,Angiosperm,family,Rutaceae,1836,-1.18574,0.604387,0.436409,0.516094,1,120,0.336044
genus,Exbucklandia,Hamamelidaceae,Angiosperm,family,Hamamelidaceae,264,-0.14195,0.387314,0.461524,0.330204,1,44,0.965173
genus,Exocarpos,Santalaceae,Angiosperm,family,Santalaceae,42,-0.828685,0.400661,0.454585,0.269721,1,41.3,0.484149
genus,Exostema,Rubiaceae,Angiosperm,genus,Exostema,149,-1.09281,0.617453,0.371595,0.57968,1.1,30.6,0.35924
genus,Exothea,Sapindaceae,Angiosperm,genus,Exothea,129,-1.5741,0.721096,0.490879,0.458054,2.5,34,0.233723
genus,Fagraea,Gentianaceae,Angiosperm,genus,Fagraea,56,-1.02133,0.614165,0.202451,0.819744,3,66.2,0.367571
genus,Fagus,Fagaceae,Angiosperm,genus,Fagus,9523,-0.724676,0.567771,0.350293,0.635888,1,162,0.515137
genus,Faidherbia,Fabaceae,Angiosperm,family,Fabaceae,13535,-1.19381,0.703454,0.539608,0.602688,1,246.4,0.35056
genus,Falcataria,Fabaceae,Angiosperm,genus,Falcataria,36,-2.07287,1.0467,0.23386,0.788836,16.7,72.7,0.129312
genus,Faradaya,Lamiaceae,Angiosperm,family,Lamiaceae,683,-1.20981,0.61105,0.537772,0.453723,1,77.5,0.344655
genus,Faramea,Rubiaceae,Angiosperm,genus,Faramea,70,-0.597318,0.569284,0.256815,0.813126,1,22.2,0.568735
genus,Faurea,Proteaceae,Angiosperm,family,Proteaceae,510,-1.50893,0.80052,0.381045,0.713551,1.8,88,0.237798
genus,Fernandoa,Bignoniaceae,Angiosperm,family,Bignoniaceae,878,-1.40041,0.718885,0.507137,0.645503,1.1,137.3,0.280322
genus,Ficus,Moraceae,Angiosperm,genus,Ficus,1024,-1.57905,0.734242,0.458995,0.589803,1,217.7,0.229073
genus,Filicium,Sapindaceae,Angiosperm,family,Sapindaceae,9911,-0.998904,0.640163,0.420493,0.572939,1,141.2,0.402324
genus,Fillaeopsis,Fabaceae,Angiosperm,family,Fabaceae,13535,-1.19381,0.703454,0.539608,0.602688,1,246.4,0.35056
genus,Firmiana,Malvaceae,Angiosperm,genus,Firmiana,65,-1.39178,0.641409,0.428474,0.518208,1.1,39.4,0.272537
genus,Fissistigma,Annonaceae,Angiosperm,family,Annonaceae,1937,-0.832977,0.567258,0.469393,0.575238,1,126,0.485385
genus,Flacourtia,Salicaceae,Angiosperm,family,Salicaceae,2221,-1.09157,0.615443,0.390641,0.630887,1,103.5,0.362303
genus,Flemingia,Fabaceae,Angiosperm,family,Fabaceae,13535,-1.19381,0.703454,0.539608,0.602688,1,246.4,0.35056
genus,Fleroya,Rubiaceae,Angiosperm,family,Rubiaceae,4106,-0.998275,0.548977,0.506684,0.437674,1,112,0.418989
genus,Flindersia,Rutaceae,Angiosperm,family,Rutaceae,1836,-1.18574,0.604387,0.436409,0.516094,1,120,0.336044
genus,Flueggea,Phyllanthaceae,Angiosperm,family,Phyllanthaceae,2497,-1.46621,0.775491,0.470494,0.629917,1,111.5,0.257811
genus,Fontainea,Euphorbiaceae,Angiosperm,family,Euphorbiaceae,6196,-1.17832,0.614096,0.482286,0.532154,1,117,0.345755
genus,Forchhammeria,Resedaceae,Angiosperm,genus,Forchhammeria,50,-1.01181,0.620691,0.304624,0.735597,1,24.1,0.380825
genus,Fordia,Fabaceae,Angiosperm,family,Fabaceae,13535,-1.19381,0.703454,0.539608,0.602688,1,246.4,0.35056
genus,Forestiera,Oleaceae,Angiosperm,family,Oleaceae,3572,-0.928935,0.545344,0.439232,0.492978,1,88.8,0.434973
genus,Franciscodendron,Malvaceae,Angiosperm,family,Malvaceae,4461,-1.20189,0.656564,0.487643,0.62546,1,247.7,0.33858
genus,Frangula,Rhamnaceae,Angiosperm,family,Rhamnaceae,689,-0.56848,0.52228,0.455881,0.462699,1,55.4,0.628407
genus,Fraxinus,Oleaceae,Angiosperm,genus,Fraxinus,2808,-0.832456,0.524251,0.39657,0.447193,1,88.8,0.470564
genus,Fremontodendron,Malvaceae,Angiosperm,family,Malvaceae,4461,-1.20189,0.656564,0.487643,0.62546,1,247.7,0.33858
genus,Freziera,Pentaphylacaceae,Angiosperm,family,Pentaphylacaceae,1279,-1.16728,0.572801,0.404573,0.430511,1.2,112,0.337754
genus,Fridericia,Bignoniaceae,Angiosperm,family,Bignoniaceae,878,-1.40041,0.718885,0.507137,0.645503,1.1,137.3,0.280322
genus,Funtumia,Apocynaceae,Angiosperm,genus,Funtumia,49,-0.966952,0.551912,0.51931,0.434825,2.5,63.3,0.43513
genus,Gaertnera,Rubiaceae,Angiosperm,family,Rubiaceae,4106,-0.998275,0.548977,0.506684,0.437674,1,112,0.418989
genus,Galbulimima,Himantandraceae,Angiosperm,division,Angiosperm,211929,-1.16468,0.646075,0.464109,0.608856,1,385,0.347503
genus,Galearia,Pandaceae,Angiosperm,family,Pandaceae,166,-1.1189,0.643272,0.511808,0.588088,1.3,74.6,0.372346
genus,Galiniera,Rubiaceae,Angiosperm,family,Rubiaceae,4106,-0.998275,0.548977,0.506684,0.437674,1,112,0.418989
genus,Galipea,Rutaceae,Angiosperm,family,Rutaceae,1836,-1.18574,0.604387,0.436409,0.516094,1,120,0.336044
genus,Gallesia,Petiveriaceae,Angiosperm,division,Angiosperm,211929,-1.16468,0.646075,0.464109,0.608856,1,385,0.347503
genus,Gamblea,Araliaceae,Angiosperm,genus,Gamblea,40,-0.460553,0.473464,0.204947,0.742114,1.4,30.1,0.644325
genus,Ganophyllum,Sapindaceae,Angiosperm,family,Sapindaceae,9911,-0.998904,0.640163,0.420493,0.572939,1,141.2,0.402324
genus,Garcinia,Clusiaceae,Angiosperm,genus,Garcinia,1120,-1.12835,0.634348,0.47589,0.458547,1,77.4,0.362361
genus,Gardenia,Rubiaceae,Angiosperm,family,Rubiaceae,4106,-0.998275,0.548977,0.506684,0.437674,1,112,0.418989
genus,Garuga,Burseraceae,Angiosperm,family,Burseraceae,3087,-1.49501,0.716147,0.568016,0.5364,1,150.6,0.263503
genus,Gaultheria,Ericaceae,Angiosperm,family,Ericaceae,1443,-0.62978,0.4646,0.371398,0.552415,1,149,0.570745
genus,Gaylussacia,Ericaceae,Angiosperm,family,Ericaceae,1443,-0.62978,0.4646,0.371398,0.552415,1,149,0.570745
genus,Geijera,Rutaceae,Angiosperm,family,Rutaceae,1836,-1.18574,0.604387,0.436409,0.516094,1,120,0.336044
genus,Geissospermum,Apocynaceae,Angiosperm,family,Apocynaceae,1361,-1.21636,0.659122,0.458037,0.640796,1,186.2,0.329077
genus,Genipa,Rubiaceae,Angiosperm,family,Rubiaceae,4106,-0.998275,0.548977,0.506684,0.437674,1,112,0.418989
genus,Gevuina,Proteaceae,Angiosperm,family,Proteaceae,510,-1.50893,0.80052,0.381045,0.713551,1.8,88,0.237798
genus,Gilbertiodendron,Fabaceae,Angiosperm,genus,Gilbertiodendron,49,-0.624667,0.61492,0.259973,0.723159,12.6,198,0.553843
genus,Gillbeea,Cunoniaceae,Angiosperm,family,Cunoniaceae,98,-1.12508,0.728754,0.454835,0.574266,2.5,80.5,0.360003
genus,Gilletiodendron,Fabaceae,Angiosperm,family,Fabaceae,13535,-1.19381,0.703454,0.539608,0.602688,1,246.4,0.35056
genus,Ginkgo,Ginkgoaceae,Gymnosperm,division,Gymnosperm,77655,-1.52419,0.708135,0.304932,0.651332,1,770,0.228162
genus,Gironniera,Cannabaceae,Angiosperm,genus,Gironniera,894,-0.871859,0.443477,0.442711,0.250185,1.5,180,0.461228
genus,Gleditsia,Fabaceae,Angiosperm,genus,Gleditsia,62,-1.66319,0.840614,0.336703,0.661628,4,67,0.200588
genus,Gliricidia,Fabaceae,Angiosperm,family,Fabaceae,13535,-1.19381,0.703454,0.539608,0.602688,1,246.4,0.35056
genus,Glochidion,Phyllanthaceae,Angiosperm,genus,Glochidion,286,-1.37119,0.604912,0.415768,0.413707,2,82.5,0.276717
genus,Gluta,Anacardiaceae,Angiosperm,family,Anacardiaceae,2052,-1.2584,0.679159,0.439244,0.710644,1,197.5,0.312881
genus,Glycosmis,Rutaceae,Angiosperm,family,Rutaceae,1836,-1.18574,0.604387,0.436409,0.516094,1,120,0.336044
genus,Glycydendron,Euphorbiaceae,Angiosperm,family,Euphorbiaceae,6196,-1.17832,0.614096,0.482286,0.532154,1,117,0.345755
genus,Gmelina,Lamiaceae,Angiosperm,family,Lamiaceae,683,-1.20981,0.61105,0.537772,0.453723,1,77.5,0.344655
genus,Gnetum,Gnetaceae,Gymnosperm,division,Gymnosperm,77655,-1.52419,0.708135,0.304932,0.651332,1,770,0.228162
genus,Gomphandra,Stemonuraceae,Angiosperm,division,Angiosperm,211929,-1.16468,0.646075,0.464109,0.608856,1,385,0.347503
genus,Gomphia,Ochnaceae,Angiosperm,family,Ochnaceae,215,-1.29361,0.719512,0.42147,0.667232,1,114.7,0.299755
genus,Goniothalamus,Annonaceae,Angiosperm,genus,Goniothalamus,96,-1.11544,0.556821,0.420073,0.483293,1.4,58,0.358004
genus,Gonocaryum,Cardiopteridaceae,Angiosperm,genus,Gonocaryum,218,-0.945386,0.508211,0.374005,0.3664,1.3,38,0.416676
genus,Gonystylus,Thymelaeaceae,Angiosperm,genus,Gonystylus,48,-0.843097,0.593126,0.239819,0.827068,1.1,37.5,0.442931
genus,Gordonia,Theaceae,Angiosperm,genus,Gordonia,36,-0.873617,0.441907,0.434809,0.456303,1.1,30,0.458825
genus,Gossia,Myrtaceae,Angiosperm,family,Myrtaceae,9073,-1.07255,0.569338,0.402473,0.610796,1,385,0.370999
genus,Goupia,Goupiaceae,Angiosperm,division,Angiosperm,211929,-1.16468,0.646075,0.464109,0.608856,1,385,0.347503
genus,Greenwayodendron,Annonaceae,Angiosperm,genus,Greenwayodendron,170,-0.958617,0.597879,0.430775,0.279185,10,64.5,0.420701
genus,Grevillea,Proteaceae,Angiosperm,genus,Grevillea,51,-1.07917,0.677198,0.247632,0.743271,5.3,86.3,0.350458
genus,Grewia,Malvaceae,Angiosperm,genus,Grewia,111,-1.20854,0.609392,0.439314,0.5039,2.2,64.8,0.328886
genus,Griselinia,Griseliniaceae,Angiosperm,division,Angiosperm,211929,-1.16468,0.646075,0.464109,0.608856,1,385,0.347503
genus,Grossera,Euphorbiaceae,Angiosperm,family,Euphorbiaceae,6196,-1.17832,0.614096,0.482286,0.532154,1,117,0.345755
genus,Guaiacum,Zygophyllaceae,Angiosperm,genus,Guaiacum,30,-0.626383,0.566678,0.239705,0.802774,1.1,44.3,0.550101
genus,Guapira,Nyctaginaceae,Angiosperm,family,Nyctaginaceae,464,-1.33441,0.710739,0.560384,0.501096,1,104.6,0.308081
genus,Guarea,Meliaceae,Angiosperm,genus,Guarea,183,-0.676134,0.599648,0.349829,0.804146,1,109,0.540671
genus,Guatteria,Annonaceae,Angiosperm,genus,Guatteria,55,-1.33227,0.751886,0.387796,0.674779,4.2,83,0.284485
genus,Guazuma,Malvaceae,Angiosperm,family,Malvaceae,4461,-1.20189,0.656564,0.487643,0.62546,1,247.7,0.33858
genus,Guettarda,Rubiaceae,Angiosperm,genus,Guettarda,264,-0.658998,0.446311,0.673173,0.211559,1,67.9,0.648939
genus,Guibourtia,Fabaceae,Angiosperm,genus,Guibourtia,107,-1.25358,0.784549,0.306908,0.76235,1.6,54.5,0.299249
genus,Guiera,Combretaceae,Angiosperm,family,Combretaceae,1534,-1.12022,0.687025,0.395915,0.720486,1,191,0.352803
genus,Guilfoylia,Surianaceae,Angiosperm,division,Angiosperm,211929,-1.16468,0.646075,0.464109,0.608856,1,385,0.347503
genus,Guioa,Sapindaceae,Angiosperm,family,Sapindaceae,9911,-0.998904,0.640163,0.420493,0.572939,1,141.2,0.402324
genus,Gustavia,Lecythidaceae,Angiosperm,family,Lecythidaceae,1114,-0.900694,0.596827,0.391663,0.562421,1.1,186.2,0.438676
genus,Gymnacranthera,Myristicaceae,Angiosperm,family,Myristicaceae,964,-0.851103,0.613182,0.355717,0.708463,1,136.8,0.454828
genus,Gymnanthes,Euphorbiaceae,Angiosperm,genus,Gymnanthes,2202,-1.00436,0.45418,0.453372,0.350862,1,26.5,0.405927
genus,Gymnocladus,Fabaceae,Angiosperm,family,Fabaceae,13535,-1.19381,0.703454,0.539608,0.602688,1,246.4,0.35056
genus,Gymnopodium,Polygonaceae,Angiosperm,division,Angiosperm,211929,-1.16468,0.646075,0.464109,0.608856,1,385,0.347503
genus,Gymnosporia,Celastraceae,Angiosperm,family,Celastraceae,435,-1.13263,0.66231,0.556926,0.494744,1,101.6,0.376232
genus,Gynochthodes,Rubiaceae,Angiosperm,family,Rubiaceae,4106,-0.998275,0.548977,0.506684,0.437674,1,112,0.418989
genus,Gynotroches,Rhizophoraceae,Angiosperm,family,Rhizophoraceae,292,-1.00786,0.68497,0.339852,0.808051,1,113.4,0.386698
genus,Gyrinops,Thymelaeaceae,Angiosperm,family,Thymelaeaceae,136,-0.97815,0.583658,0.396527,0.586642,1.1,37.5,0.40676
genus,Gyrocarpus,Hernandiaceae,Angiosperm,division,Angiosperm,211929,-1.16468,0.646075,0.464109,0.608856,1,385,0.347503
genus,Haematoxylum,Fabaceae,Angiosperm,family,Fabaceae,13535,-1.19381,0.703454,0.539608,0.602688,1,246.4,0.35056
genus,Hagenia,Rosaceae,Angiosperm,family,Rosaceae,1561,-0.948281,0.553616,0.50296,0.451948,1,100,0.439641
genus,Hakea,Proteaceae,Angiosperm,family,Proteaceae,510,-1.50893,0.80052,0.381045,0.713551,1.8,88,0.237798
genus,Haldina,Rubiaceae,Angiosperm,family,Rubiaceae,4106,-0.998275,0.548977,0.506684,0.437674,1,112,0.418989
genus,Halfordia,Rutaceae,Angiosperm,family,Rutaceae,1836,-1.18574,0.604387,0.436409,0.516094,1,120,0.336044
genus,Hamamelis,Hamamelidaceae,Angiosperm,family,Hamamelidaceae,264,-0.14195,0.387314,0.461524,0.330204,1,44,0.965173
genus,Hampea,Malvaceae,Angiosperm,genus,Hampea,53,-1.57241,0.777013,0.527198,0.43373,1,44.1,0.238486
genus,Hancea,Euphorbiaceae,Angiosperm,genus,Hancea,236,-1.03203,0.576672,0.398119,0.364216,2,35.3,0.385666
genus,Handroanthus,Bignoniaceae,Angiosperm,genus,Handroanthus,210,-0.742969,0.565211,0.410834,0.590391,1.2,125.6,0.517588
genus,Harpullia,Sapindaceae,Angiosperm,family,Sapindaceae,9911,-0.998904,0.640163,0.420493,0.572939,1,141.2,0.402324
genus,Harrisonia,Rutaceae,Angiosperm,family,Rutaceae,1836,-1.18574,0.604387,0.436409,0.516094,1,120,0.336044
genus,Harungana,Hypericaceae,Angiosperm,genus,Harungana,42,-1.03894,0.787439,0.275128,0.758297,2.8,23.5,0.367479
genus,Hasseltia,Salicaceae,Angiosperm,family,Salicaceae,2221,-1.09157,0.615443,0.390641,0.630887,1,103.5,0.362303
genus,Havardia,Fabaceae,Angiosperm,genus,Havardia,53,-0.535591,0.537254,0.259531,0.830744,1,82.5,0.605372
genus,Hebepetalum,Linaceae,Angiosperm,division,Angiosperm,211929,-1.16468,0.646075,0.464109,0.608856,1,385,0.347503
genus,Hedycarya,Monimiaceae,Angiosperm,family,Monimiaceae,194,-0.272793,0.417823,0.367659,0.229018,10.3,112,0.814479
genus,Hedyosmum,Chloranthaceae,Angiosperm,division,Angiosperm,211929,-1.16468,0.646075,0.464109,0.608856,1,385,0.347503
genus,Heinsenia,Rubiaceae,Angiosperm,family,Rubiaceae,4106,-0.998275,0.548977,0.506684,0.437674,1,112,0.418989
genus,Heisteria,Olacaceae,Angiosperm,genus,Heisteria,52,-0.748044,0.637091,0.330275,0.533126,1.7,38.6,0.499822
genus,Helicia,Proteaceae,Angiosperm,genus,Helicia,255,-1.23229,0.601312,0.330979,0.511771,3,38.5,0.308044
genus,Heliciopsis,Proteaceae,Angiosperm,family,Proteaceae,510,-1.50893,0.80052,0.381045,0.713551,1.8,88,0.237798
genus,Helicteres,Malvaceae,Angiosperm,family,Malvaceae,4461,-1.20189,0.656564,0.487643,0.62546,1,247.7,0.33858
genus,Helietta,Rutaceae,Angiosperm,family,Rutaceae,1836,-1.18574,0.604387,0.436409,0.516094,1,120,0.336044
genus,Heliocarpus,Malvaceae,Angiosperm,genus,Heliocarpus,50,-1.49631,0.78161,0.616561,0.55362,1.1,31.9,0.270837
genus,Hemandradenia,Connaraceae,Angiosperm,family,Connaraceae,77,-1.22165,0.585382,0.426067,0.359038,2.5,37.3,0.322748
genus,Heritiera,Malvaceae,Angiosperm,genus,Heritiera,210,-1.25387,0.577476,0.427992,0.50848,2.3,70,0.312771
genus,Hesperalbizia,Fabaceae,Angiosperm,family,Fabaceae,13535,-1.19381,0.703454,0.539608,0.602688,1,246.4,0.35056
genus,Hesperomeles,Rosaceae,Angiosperm,family,Rosaceae,1561,-0.948281,0.553616,0.50296,0.451948,1,100,0.439641
genus,Heteropanax,Araliaceae,Angiosperm,family,Araliaceae,1392,-1.63073,0.730318,0.499306,0.591335,1,138.1,0.221779
genus,Heteropterys,Malpighiaceae,Angiosperm,family,Malpighiaceae,439,-0.855526,0.533879,0.549069,0.33432,1,46,0.494214
genus,Hevea,Euphorbiaceae,Angiosperm,genus,Hevea,158,-0.793917,0.597308,0.404343,0.449055,4.7,85.9,0.490578
genus,Hexalobus,Annonaceae,Angiosperm,genus,Hexalobus,37,-0.178842,0.429696,0.41119,0.31481,10.4,92.6,0.910007
genus,Heynea,Meliaceae,Angiosperm,genus,Heynea,35,-1.24236,0.625506,0.267081,0.532891,3.5,21.4,0.299184
genus,Hibiscus,Malvaceae,Angiosperm,family,Malvaceae,4461,-1.20189,0.656564,0.487643,0.62546,1,247.7,0.33858
genus,Hieronyma,Phyllanthaceae,Angiosperm,family,Phyllanthaceae,2497,-1.46621,0.775491,0.470494,0.629917,1,111.5,0.257811
genus,Himatanthus,Apocynaceae,Angiosperm,family,Apocynaceae,1361,-1.21636,0.659122,0.458037,0.640796,1,186.2,0.329077
genus,Hintonia,Rubiaceae,Angiosperm,family,Rubiaceae,4106,-0.998275,0.548977,0.506684,0.437674,1,112,0.418989
genus,Hippocratea,Celastraceae,Angiosperm,family,Celastraceae,435,-1.13263,0.66231,0.556926,0.494744,1,101.6,0.376232
genus,Hippomane,Euphorbiaceae,Angiosperm,family,Euphorbiaceae,6196,-1.17832,0.614096,0.482286,0.532154,1,117,0.345755
genus,Hiptage,Malpighiaceae,Angiosperm,family,Malpighiaceae,439,-0.855526,0.533879,0.549069,0.33432,1,46,0.494214
genus,Hirtella,Chrysobalanaceae,Angiosperm,genus,Hirtella,45,-0.742101,0.664845,0.463455,0.748159,1.1,41.5,0.530091
genus,Hodgkinsonia,Rubiaceae,Angiosperm,family,Rubiaceae,4106,-0.998275,0.548977,0.506684,0.437674,1,112,0.418989
genus,Holigarna,Anacardiaceae,Angiosperm,family,Anacardiaceae,2052,-1.2584,0.679159,0.439244,0.710644,1,197.5,0.312881
genus,Hollandaea,Proteaceae,Angiosperm,family,Proteaceae,510,-1.50893,0.80052,0.381045,0.713551,1.8,88,0.237798
genus,Holodiscus,Rosaceae,Angiosperm,family,Rosaceae,1561,-0.948281,0.553616,0.50296,0.451948,1,100,0.439641
genus,Holoptelea,Ulmaceae,Angiosperm,family,Ulmaceae,595,-0.668694,0.584826,0.343496,0.747468,1,82,0.543514
genus,Homalium,Salicaceae,Angiosperm,genus,Homalium,136,-1.41275,0.657112,0.446729,0.551674,1.9,79.7,0.269022
genus,Homalolepis,Simaroubaceae,Angiosperm,family,Simaroubaceae,164,-1.05908,0.616087,0.466485,0.707822,1,78.9,0.386634
genus,Homonoia,Euphorbiaceae,Angiosperm,family,Euphorbiaceae,6196,-1.17832,0.614096,0.482286,0.532154,1,117,0.345755
genus,Hopea,Dipterocarpaceae,Angiosperm,genus,Hopea,685,-1.46806,0.637463,0.375611,0.52032,1.5,189.7,0.24721
genus,Horsfieldia,Myristicaceae,Angiosperm,genus,Horsfieldia,51,-0.774232,0.581508,0.258323,0.759271,1.9,55.6,0.476701
genus,Hovenia,Rhamnaceae,Angiosperm,family,Rhamnaceae,689,-0.56848,0.52228,0.455881,0.462699,1,55.4,0.628407
genus,Huberantha,Annonaceae,Angiosperm,genus,Huberantha,110,-1.12641,0.507397,0.381546,0.435772,3,68.4,0.348673
genus,Huberodendron,Malvaceae,Angiosperm,family,Malvaceae,4461,-1.20189,0.656564,0.487643,0.62546,1,247.7,0.33858
genus,Humboldtia,Fabaceae,Angiosperm,family,Fabaceae,13535,-1.19381,0.703454,0.539608,0.602688,1,246.4,0.35056
genus,Hunteria,Apocynaceae,Angiosperm,genus,Hunteria,65,-0.709977,0.398397,0.447386,0.323607,1.9,49.7,0.543405
genus,Hura,Euphorbiaceae,Angiosperm,family,Euphorbiaceae,6196,-1.17832,0.614096,0.482286,0.532154,1,117,0.345755
genus,Hybanthus,Violaceae,Angiosperm,family,Violaceae,1156,-0.492095,0.483323,0.311101,0.679641,1,47.3,0.641656
genus,Hydnocarpus,Achariaceae,Angiosperm,genus,Hydnocarpus,88,-1.70578,0.874886,0.365837,0.70759,3,45,0.1942
genus,Hydrangea,Hydrangeaceae,Angiosperm,division,Angiosperm,211929,-1.16468,0.646075,0.464109,0.608856,1,385,0.347503
genus,Hylandia,Euphorbiaceae,Angiosperm,family,Euphorbiaceae,6196,-1.17832,0.614096,0.482286,0.532154,1,117,0.345755
genus,Hylodendron,Fabaceae,Angiosperm,family,Fabaceae,13535,-1.19381,0.703454,0.539608,0.602688,1,246.4,0.35056
genus,Hymenaea,Fabaceae,Angiosperm,genus,Hymenaea,52,-0.91097,0.653075,0.310011,0.68981,8.4,117.2,0.42193
genus,Hymenocardia,Phyllanthaceae,Angiosperm,genus,Hymenocardia,43,-1.4794,0.920065,0.314651,0.760233,2.2,23.9,0.239333
genus,Hymenolobium,Fabaceae,Angiosperm,family,Fabaceae,13535,-1.19381,0.703454,0.539608,0.602688,1,246.4,0.35056
genus,Hymenostegia,Fabaceae,Angiosperm,family,Fabaceae,13535,-1.19381,0.703454,0.539608,0.602688,1,246.4,0.35056
genus,Hyperbaena,Menispermaceae,Angiosperm,division,Angiosperm,211929,-1.16468,0.646075,0.464109,0.608856,1,385,0.347503
genus,Hypericum,Hypericaceae,Angiosperm,family,Hypericaceae,678,-1.3218,0.639168,0.41348,0.424304,1.6,58,0.290452
genus,Idesia,Salicaceae,Angiosperm,family,Salicaceae,2221,-1.09157,0.615443,0.390641,0.630887,1,103.5,0.362303
genus,Idiospermum,Calycanthaceae,Angiosperm,division,Angiosperm,211929,-1.16468,0.646075,0.464109,0.608856,1,385,0.347503
genus,Ilex,Aquifoliaceae,Angiosperm,genus,Ilex,868,-0.657717,0.501246,0.521336,0.492145,1,87.1,0.593439
genus,Illicium,Schisandraceae,Angiosperm,genus,Illicium,88,-1.18373,0.578481,0.330864,0.382684,3,21.5,0.323358
genus,Inga,Fabaceae,Angiosperm,genus,Inga,256,-0.666554,0.594237,0.39428,0.588825,1,80,0.554979
genus,Intsia,Fabaceae,Angiosperm,family,Fabaceae,13535,-1.19381,0.703454,0.539608,0.602688,1,246.4,0.35056
genus,Ipomoea,Convolvulaceae,Angiosperm,division,Angiosperm,211929,-1.16468,0.646075,0.464109,0.608856,1,385,0.347503
genus,Iresine,Amaranthaceae,Angiosperm,division,Angiosperm,211929,-1.16468,0.646075,0.464109,0.608856,1,385,0.347503
genus,Irvingbaileya,Stemonuraceae,Angiosperm,division,Angiosperm,211929,-1.16468,0.646075,0.464109,0.608856,1,385,0.347503
genus,Irvingia,Irvingiaceae,Angiosperm,genus,Irvingia,33,-1.40897,0.805422,0.405182,0.727452,10.3,174,0.265302
genus,Iryanthera,Myristicaceae,Angiosperm,family,Myristicaceae,964,-0.851103,0.613182,0.355717,0.708463,1,136.8,0.454828
genus,Isolona,Annonaceae,Angiosperm,family,Annonaceae,1937,-0.832977,0.567258,0.469393,0.575238,1,126,0.485385
genus,Isonandra,Sapotaceae,Angiosperm,family,Sapotaceae,3340,-1.00975,0.592546,0.498707,0.615454,1,180,0.412551
genus,Itea,Iteaceae,Angiosperm,genus,Itea,43,-0.827359,0.406727,0.355656,0.317464,3.1,26.1,0.465747
genus,Ixonanthes,Ixonanthaceae,Angiosperm,genus,Ixonanthes,133,-1.39845,0.629415,0.354664,0.596915,1.9,47.1,0.263012
genus,Ixora,Rubiaceae,Angiosperm,family,Rubiaceae,4106,-0.998275,0.548977,0.506684,0.437674,1,112,0.418989
genus,Jacaranda,Bignoniaceae,Angiosperm,genus,Jacaranda,107,-1.99661,0.913032,0.34159,0.778346,2.7,137.3,0.143953
genus,Jacaratia,Caricaceae,Angiosperm,genus,Jacaratia,64,-1.2172,0.552639,0.375294,0.642043,2.4,81.8,0.317658
genus,Jacksonia,Fabaceae,Angiosperm,family,Fabaceae,13535,-1.19381,0.703454,0.539608,0.602688,1,246.4,0.35056
genus,Jacquinia,Primulaceae,Angiosperm,family,Primulaceae,607,-1.02926,0.533411,0.456215,0.479607,1,65.5,0.396453
genus,Jagera,Sapindaceae,Angiosperm,family,Sapindaceae,9911,-0.998904,0.640163,0.420493,0.572939,1,141.2,0.402324
genus,Jatropha,Euphorbiaceae,Angiosperm,genus,Jatropha,94,-1.17205,0.589547,0.540949,0.224973,2.2,28,0.358531
genus,Juglans,Juglandaceae,Angiosperm,genus,Juglans,107,-2.36929,1.08491,0.461787,0.617431,7.5,65.8,0.104073
genus,Julbernardia,Fabaceae,Angiosperm,genus,Julbernardia,299,-1.06069,0.744504,0.391345,0.754451,2.5,135,0.37377
genus,Juniperus,Cupressaceae,Gymnosperm,genus,Juniperus,162,-0.985227,0.588228,0.400141,0.491626,1.2,45,0.404473
genus,Kadua,Rubiaceae,Angiosperm,family,Rubiaceae,4106,-0.998275,0.548977,0.506684,0.437674,1,112,0.418989
genus,Kalmia,Ericaceae,Angiosperm,family,Ericaceae,1443,-0.62978,0.4646,0.371398,0.552415,1,149,0.570745
genus,Kalopanax,Araliaceae,Angiosperm,family,Araliaceae,1392,-1.63073,0.730318,0.499306,0.591335,1,138.1,0.221779
genus,Karrabina,Cunoniaceae,Angiosperm,family,Cunoniaceae,98,-1.12508,0.728754,0.454835,0.574266,2.5,80.5,0.360003
genus,Karwinskia,Rhamnaceae,Angiosperm,family,Rhamnaceae,689,-0.56848,0.52228,0.455881,0.462699,1,55.4,0.628407
genus,Kayea,Calophyllaceae,Angiosperm,genus,Kayea,42,-0.878183,0.65515,0.213374,0.853975,1.5,40.6,0.425105
genus,Keayodendron,Phyllanthaceae,Angiosperm,family,Phyllanthaceae,2497,-1.46621,0.775491,0.470494,0.629917,1,111.5,0.257811
genus,Khaya,Meliaceae,Angiosperm,family,Meliaceae,2186,-0.866573,0.57892,0.474811,0.632607,1,280.3,0.470551
genus,Kibara,Monimiaceae,Angiosperm,family,Monimiaceae,194,-0.272793,0.417823,0.367659,0.229018,10.3,112,0.814479
genus,Kibatalia,Apocynaceae,Angiosperm,family,Apocynaceae,1361,-1.21636,0.659122,0.458037,0.640796,1,186.2,0.329077
genus,Kielmeyera,Calophyllaceae,Angiosperm,family,Calophyllaceae,278,-0.907257,0.665366,0.351527,0.820939,1.1,163,0.429355
genus,Kigelia,Bignoniaceae,Angiosperm,family,Bignoniaceae,878,-1.40041,0.718885,0.507137,0.645503,1.1,137.3,0.280322
genus,Kingiodendron,Fabaceae,Angiosperm,family,Fabaceae,13535,-1.19381,0.703454,0.539608,0.602688,1,246.4,0.35056
genus,Kirkia,Kirkiaceae,Angiosperm,division,Angiosperm,211929,-1.16468,0.646075,0.464109,0.608856,1,385,0.347503
genus,Klaineanthus,Euphorbiaceae,Angiosperm,family,Euphorbiaceae,6196,-1.17832,0.614096,0.482286,0.532154,1,117,0.345755
genus,Klainedoxa,Irvingiaceae,Angiosperm,family,Irvingiaceae,75,-1.59721,0.834102,0.460154,0.643919,10.3,174,0.225071
genus,Kleinhovia,Malvaceae,Angiosperm,genus,Kleinhovia,39,-1.44048,0.677027,0.352957,0.630027,3,47,0.252034
genus,Knema,Myristicaceae,Angiosperm,genus,Knema,271,-0.893602,0.66211,0.330174,0.761011,1.2,71,0.432102
genus,Knightia,Proteaceae,Angiosperm,genus,Knightia,34,-1.20178,0.611372,0.250868,0.876366,2.7,88,0.310269
genus,Koanophyllon,Asteraceae,Angiosperm,division,Angiosperm,211929,-1.16468,0.646075,0.464109,0.608856,1,385,0.347503
genus,Koilodepas,Euphorbiaceae,Angiosperm,genus,Koilodepas,235,-1.11437,0.516596,0.409982,0.309164,2.9,42.5,0.356889
genus,Kokoona,Celastraceae,Angiosperm,family,Celastraceae,435,-1.13263,0.66231,0.556926,0.494744,1,101.6,0.376232
genus,Koompassia,Fabaceae,Angiosperm,family,Fabaceae,13535,-1.19381,0.703454,0.539608,0.602688,1,246.4,0.35056
genus,Koordersiodendron,Anacardiaceae,Angiosperm,family,Anacardiaceae,2052,-1.2584,0.679159,0.439244,0.710644,1,197.5,0.312881
genus,Kopsia,Apocynaceae,Angiosperm,family,Apocynaceae,1361,-1.21636,0.659122,0.458037,0.640796,1,186.2,0.329077
genus,Krugiodendron,Rhamnaceae,Angiosperm,genus,Krugiodendron,72,-1.09565,0.63658,0.450414,0.497326,1,23.6,0.370014
genus,Kunzea,Myrtaceae,Angiosperm,genus,Kunzea,240,-1.36993,0.660033,0.357219,0.755169,1.1,79,0.270866
genus,Laburnum,Fabaceae,Angiosperm,family,Fabaceae,13535,-1.19381,0.703454,0.539608,0.602688,1,246.4,0.35056
genus,Lacistema,Lacistemataceae,Angiosperm,division,Angiosperm,211929,-1.16468,0.646075,0.464109,0.608856,1,385,0.347503
genus,Lacmellea,Apocynaceae,Angiosperm,family,Apocynaceae,1361,-1.21636,0.659122,0.458037,0.640796,1,186.2,0.329077
genus,Lacunaria,Ochnaceae,Angiosperm,family,Ochnaceae,215,-1.29361,0.719512,0.42147,0.667232,1,114.7,0.299755
genus,Laetia,Salicaceae,Angiosperm,genus,Laetia,44,-0.201194,0.440804,0.419129,0.301688,7.2,78,0.89283
genus,Lafoensia,Lythraceae,Angiosperm,family,Lythraceae,69,-1.43874,0.632124,0.442631,0.564493,2.7,59.5,0.261642
genus,Lagerstroemia,Lythraceae,Angiosperm,genus,Lagerstroemia,53,-1.56199,0.726752,0.366947,0.514643,2.7,25,0.224323
genus,Laguncularia,Combretaceae,Angiosperm,genus,Laguncularia,49,-1.80371,0.744301,0.336205,0.612621,3.2,54.8,0.174262
genus,Lannea,Anacardiaceae,Angiosperm,genus,Lannea,379,-1.58318,0.730825,0.394766,0.597651,2.6,103,0.221961
genus,Lansium,Meliaceae,Angiosperm,genus,Lansium,60,-0.659805,0.565178,0.17769,0.886508,1.3,74.8,0.525178
genus,Larix,Pinaceae,Gymnosperm,genus,Larix,1271,-1.54014,0.73796,0.39178,0.653604,1,82,0.23145
genus,Lasianthus,Rubiaceae,Angiosperm,genus,Lasianthus,75,-1.13378,0.489303,0.460889,0.267378,3,23,0.357874
genus,Lasiocarpus,Malpighiaceae,Angiosperm,family,Malpighiaceae,439,-0.855526,0.533879,0.549069,0.33432,1,46,0.494214
genus,Lasiococca,Euphorbiaceae,Angiosperm,family,Euphorbiaceae,6196,-1.17832,0.614096,0.482286,0.532154,1,117,0.345755
genus,Lasiodiscus,Rhamnaceae,Angiosperm,family,Rhamnaceae,689,-0.56848,0.52228,0.455881,0.462699,1,55.4,0.628407
genus,Lecaniodiscus,Sapindaceae,Angiosperm,family,Sapindaceae,9911,-0.998904,0.640163,0.420493,0.572939,1,141.2,0.402324
genus,Lecomtedoxa,Sapotaceae,Angiosperm,family,Sapotaceae,3340,-1.00975,0.592546,0.498707,0.615454,1,180,0.412551
genus,Lecythis,Lecythidaceae,Angiosperm,genus,Lecythis,338,-0.679245,0.524279,0.369809,0.421274,5.8,110,0.542881
genus,Leea,Vitaceae,Angiosperm,division,Angiosperm,211929,-1.16468,0.646075,0.464109,0.608856,1,385,0.347503
genus,Leiospermum,Cunoniaceae,Angiosperm,genus,Leiospermum,47,-0.982964,0.606636,0.360006,0.579956,2.5,47.3,0.399252
genus,Leonia,Violaceae,Angiosperm,family,Violaceae,1156,-0.492095,0.483323,0.311101,0.679641,1,47.3,0.641656
genus,Lepidobotrys,Lepidobotryaceae,Angiosperm,division,Angiosperm,211929,-1.16468,0.646075,0.464109,0.608856,1,385,0.347503
genus,Lepidopetalum,Sapindaceae,Angiosperm,family,Sapindaceae,9911,-0.998904,0.640163,0.420493,0.572939,1,141.2,0.402324
genus,Lepidotrichilia,Meliaceae,Angiosperm,family,Meliaceae,2186,-0.866573,0.57892,0.474811,0.632607,1,280.3,0.470551
genus,Lepidozamia,Zamiaceae,Gymnosperm,division,Gymnosperm,77655,-1.52419,0.708135,0.304932,0.651332,1,770,0.228162
genus,Lepisanthes,Sapindaceae,Angiosperm,genus,Lepisanthes,105,-1.00466,0.505974,0.42337,0.373697,1.3,27.9,0.4005
genus,Leplaea,Meliaceae,Angiosperm,genus,Leplaea,40,-0.855782,0.633373,0.368482,0.382575,10.4,71.5,0.454802
genus,Leptactina,Rubiaceae,Angiosperm,family,Rubiaceae,4106,-0.998275,0.548977,0.506684,0.437674,1,112,0.418989
genus,Leptonychia,Malvaceae,Angiosperm,family,Malvaceae,4461,-1.20189,0.656564,0.487643,0.62546,1,247.7,0.33858
genus,Leptopus,Phyllanthaceae,Angiosperm,family,Phyllanthaceae,2497,-1.46621,0.775491,0.470494,0.629917,1,111.5,0.257811
genus,Leptospermum,Myrtaceae,Angiosperm,genus,Leptospermum,144,-2.04261,0.899362,0.275584,0.828981,1.4,32.1,0.134709
genus,Lespedeza,Fabaceae,Angiosperm,family,Fabaceae,13535,-1.19381,0.703454,0.539608,0.602688,1,246.4,0.35056
genus,Lethedon,Thymelaeaceae,Angiosperm,family,Thymelaeaceae,136,-0.97815,0.583658,0.396527,0.586642,1.1,37.5,0.40676
genus,Leucaena,Fabaceae,Angiosperm,family,Fabaceae,13535,-1.19381,0.703454,0.539608,0.602688,1,246.4,0.35056
genus,Leucopogon,Ericaceae,Angiosperm,family,Ericaceae,1443,-0.62978,0.4646,0.371398,0.552415,1,149,0.570745
genus,Levieria,Monimiaceae,Angiosperm,family,Monimiaceae,194,-0.272793,0.417823,0.367659,0.229018,10.3,112,0.814479
genus,Libidibia,Fabaceae,Angiosperm,family,Fabaceae,13535,-1.19381,0.703454,0.539608,0.602688,1,246.4,0.35056
genus,Licania,Chrysobalanaceae,Angiosperm,genus,Licania,242,-0.81022,0.592862,0.37427,0.542831,5,81,0.477027
genus,Licaria,Lauraceae,Angiosperm,family,Lauraceae,6466,-0.827153,0.494061,0.501244,0.495364,1,195,0.495826
genus,Ligustrum,Oleaceae,Angiosperm,family,Oleaceae,3572,-0.928935,0.545344,0.439232,0.492978,1,88.8,0.434973
genus,Lindackeria,Achariaceae,Angiosperm,family,Achariaceae,167,-1.18536,0.688604,0.409278,0.617129,1.5,80.9,0.332336
genus,Lindera,Lauraceae,Angiosperm,family,Lauraceae,6466,-0.827153,0.494061,0.501244,0.495364,1,195,0.495826
genus,Lindsayomyrtus,Myrtaceae,Angiosperm,family,Myrtaceae,9073,-1.07255,0.569338,0.402473,0.610796,1,385,0.370999
genus,Lippia,Verbenaceae,Angiosperm,division,Angiosperm,211929,-1.16468,0.646075,0.464109,0.608856,1,385,0.347503
genus,Liquidambar,Altingiaceae,Angiosperm,genus,Liquidambar,726,-1.07769,0.633713,0.442129,0.631077,1,80.5,0.375331
genus,Liriodendron,Magnoliaceae,Angiosperm,genus,Liriodendron,384,-0.740049,0.596233,0.241737,0.590122,2.6,111.1,0.491236
genus,Litchi,Sapindaceae,Angiosperm,genus,Litchi,146,-1.2647,0.559108,0.47425,0.379386,3,80,0.315928
genus,Lithocarpus,Fagaceae,Angiosperm,genus,Lithocarpus,953,-1.23727,0.623228,0.403938,0.546659,1.1,79.3,0.31484
genus,Litsea,Lauraceae,Angiosperm,genus,Litsea,1006,-1.11561,0.571277,0.40323,0.439287,1.2,63.3,0.355471
genus,Lomatia,Proteaceae,Angiosperm,family,Proteaceae,510,-1.50893,0.80052,0.381045,0.713551,1.8,88,0.237798
genus,Lonchocarpus,Fabaceae,Angiosperm,genus,Lonchocarpus,1353,-1.30304,0.642369,0.642215,0.320897,1,70.3,0.33393
genus,Lonicera,Caprifoliaceae,Angiosperm,division,Angiosperm,211929,-1.16468,0.646075,0.464109,0.608856,1,385,0.347503
genus,Lophira,Ochnaceae,Angiosperm,family,Ochnaceae,215,-1.29361,0.719512,0.42147,0.667232,1,114.7,0.299755
genus,Lophopetalum,Celastraceae,Angiosperm,genus,Lophopetalum,39,-1.49646,0.75099,0.424621,0.575292,10,101.6,0.245047
genus,Lophostemon,Myrtaceae,Angiosperm,family,Myrtaceae,9073,-1.07255,0.569338,0.402473,0.610796,1,385,0.370999
genus,Loropetalum,Hamamelidaceae,Angiosperm,family,Hamamelidaceae,264,-0.14195,0.387314,0.461524,0.330204,1,44,0.965173
genus,Lovoa,Meliaceae,Angiosperm,family,Meliaceae,2186,-0.866573,0.57892,0.474811,0.632607,1,280.3,0.470551
genus,Ludekia,Rubiaceae,Angiosperm,family,Rubiaceae,4106,-0.998275,0.548977,0.506684,0.437674,1,112,0.418989
genus,Luehea,Malvaceae,Angiosperm,genus,Luehea,230,-1.59951,0.794868,0.604422,0.564314,2.5,169,0.242476
genus,Lunania,Salicaceae,Angiosperm,family,Salicaceae,2221,-1.09157,0.615443,0.390641,0.630887,1,103.5,0.362303
genus,Lupinus,Fabaceae,Angiosperm,family,Fabaceae,13535,-1.19381,0.703454,0.539608,0.602688,1,246.4,0.35056
genus,Lyonia,Ericaceae,Angiosperm,genus,Lyonia,52,-0.786892,0.540247,0.248031,0.731557,1,31.1,0.469479
genus,Lysiloma,Fabaceae,Angiosperm,genus,Lysiloma,760,-1.17647,0.665754,0.446178,0.49048,1,73.4,0.34064
genus,Lysiphyllum,Fabaceae,Angiosperm,family,Fabaceae,13535,-1.19381,0.703454,0.539608,0.602688,1,246.4,0.35056
genus,Maackia,Fabaceae,Angiosperm,family,Fabaceae,13535,-1.19381,0.703454,0.539608,0.602688,1,246.4,0.35056
genus,Maasia,Annonaceae,Angiosperm,genus,Maasia,46,-0.497772,0.472288,0.33383,0.483513,1.5,40.3,0.642717
genus,Mabea,Euphorbiaceae,Angiosperm,family,Euphorbiaceae,6196,-1.17832,0.614096,0.482286,0.532154,1,117,0.345755
genus,Macaranga,Euphorbiaceae,Angiosperm,genus,Macaranga,731,-1.4105,0.698921,0.421495,0.512802,2.2,110,0.266688
genus,Machaonia,Rubiaceae,Angiosperm,family,Rubiaceae,4106,-0.998275,0.548977,0.506684,0.437674,1,112,0.418989
genus,Machilus,Lauraceae,Angiosperm,genus,Machilus,721,-1.25992,0.584869,0.396838,0.482259,1.3,58,0.306916
genus,Maclura,Moraceae,Angiosperm,genus,Maclura,31,0.0949544,0.483878,0.426145,0.308092,3.7,53.3,1.20413
genus,Maclurodendron,Rutaceae,Angiosperm,genus,Maclurodendron,415,-1.15461,0.528375,0.398531,0.341262,1.7,46,0.34123
genus,Macrocnemum,Rubiaceae,Angiosperm,family,Rubiaceae,4106,-0.998275,0.548977,0.506684,0.437674,1,112,0.418989
genus,Macrolobium,Fabaceae,Angiosperm,family,Fabaceae,13535,-1.19381,0.703454,0.539608,0.602688,1,246.4,0.35056
genus,Macropanax,Araliaceae,Angiosperm,family,Araliaceae,1392,-1.63073,0.730318,0.499306,0.591335,1,138.1,0.221779
genus,Madhuca,Sapotaceae,Angiosperm,genus,Madhuca,76,-1.07746,0.553403,0.369911,0.442164,2.1,40.3,0.364566
genus,Maerua,Capparaceae,Angiosperm,genus,Maerua,53,-1.55626,0.65496,0.340188,0.556618,3,33,0.223488
genus,Maesa,Primulaceae,Angiosperm,family,Primulaceae,607,-1.02926,0.533411,0.456215,0.479607,1,65.5,0.396453
genus,Maesobotrya,Phyllanthaceae,Angiosperm,family,Phyllanthaceae,2497,-1.46621,0.775491,0.470494,0.629917,1,111.5,0.257811
genus,Maesopsis,Rhamnaceae,Angiosperm,family,Rhamnaceae,689,-0.56848,0.52228,0.455881,0.462699,1,55.4,0.628407
genus,Magnistipula,Chrysobalanaceae,Angiosperm,family,Chrysobalanaceae,345,-0.800438,0.601551,0.417896,0.671237,1.1,99.9,0.490113
genus,Magnolia,Magnoliaceae,Angiosperm,genus,Magnolia,229,-1.29217,0.652075,0.392556,0.607008,2.2,68,0.296675
genus,Magonia,Sapindaceae,Angiosperm,family,Sapindaceae,9911,-0.998904,0.640163,0.420493,0.572939,1,141.2,0.402324
genus,Majidea,Sapindaceae,Angiosperm,family,Sapindaceae,9911,-0.998904,0.640163,0.420493,0.572939,1,141.2,0.402324
genus,Mallotus,Euphorbiaceae,Angiosperm,genus,Mallotus,350,-1.3792,0.746253,0.407714,0.49595,3,36,0.273602
genus,Malpighia,Malpighiaceae,Angiosperm,genus,Malpighia,236,-0.835033,0.556864,0.586263,0.254173,1.3,25.7,0.51521
genus,Malus,Rosaceae,Angiosperm,family,Rosaceae,1561,-0.948281,0.553616,0.50296,0.451948,1,100,0.439641
genus,Malvaviscus,Malvaceae,Angiosperm,family,Malvaceae,4461,-1.20189,0.656564,0.487643,0.62546,1,247.7,0.33858
genus,Mammea,Calophyllaceae,Angiosperm,family,Calophyllaceae,278,-0.907257,0.665366,0.351527,0.820939,1.1,163,0.429355
genus,Mangifera,Anacardiaceae,Angiosperm,genus,Mangifera,81,-1.00559,0.66478,0.36573,0.737485,1.6,78,0.391133
genus,Manihot,Euphorbiaceae,Angiosperm,family,Euphorbiaceae,6196,-1.17832,0.614096,0.482286,0.532154,1,117,0.345755
genus,Manilkara,Sapotaceae,Angiosperm,genus,Manilkara,764,-1.54994,0.751364,0.457453,0.737622,2.5,137.5,0.235673
genus,Maniltoa,Fabaceae,Angiosperm,family,Fabaceae,13535,-1.19381,0.703454,0.539608,0.602688,1,246.4,0.35056
genus,Mansonia,Malvaceae,Angiosperm,family,Malvaceae,4461,-1.20189,0.656564,0.487643,0.62546,1,247.7,0.33858
genus,Mappia,Icacinaceae,Angiosperm,division,Angiosperm,211929,-1.16468,0.646075,0.464109,0.608856,1,385,0.347503
genus,Maprounea,Euphorbiaceae,Angiosperm,family,Euphorbiaceae,6196,-1.17832,0.614096,0.482286,0.532154,1,117,0.345755
genus,Maquira,Moraceae,Angiosperm,family,Moraceae,2663,-1.1809,0.654914,0.498565,0.646044,1,217.7,0.34763
genus,Maranthes,Chrysobalanaceae,Angiosperm,family,Chrysobalanaceae,345,-0.800438,0.601551,0.417896,0.671237,1.1,99.9,0.490113
genus,Mareyopsis,Euphorbiaceae,Angiosperm,family,Euphorbiaceae,6196,-1.17832,0.614096,0.482286,0.532154,1,117,0.345755
genus,Margaritaria,Phyllanthaceae,Angiosperm,family,Phyllanthaceae,2497,-1.46621,0.775491,0.470494,0.629917,1,111.5,0.257811
genus,Marila,Calophyllaceae,Angiosperm,family,Calophyllaceae,278,-0.907257,0.665366,0.351527,0.820939,1.1,163,0.429355
genus,Mariosousa,Fabaceae,Angiosperm,family,Fabaceae,13535,-1.19381,0.703454,0.539608,0.602688,1,246.4,0.35056
genus,Markhamia,Bignoniaceae,Angiosperm,genus,Markhamia,190,-1.77098,0.849092,0.348131,0.719892,2.3,33.4,0.180796
genus,Marlierea,Myrtaceae,Angiosperm,family,Myrtaceae,9073,-1.07255,0.569338,0.402473,0.610796,1,385,0.370999
genus,Marquesia,Dipterocarpaceae,Angiosperm,genus,Marquesia,61,-0.743689,0.767051,0.17463,0.849676,13.2,158.3,0.482661
genus,Mascarenhasia,Apocynaceae,Angiosperm,family,Apocynaceae,1361,-1.21636,0.659122,0.458037,0.640796,1,186.2,0.329077
genus,Massularia,Rubiaceae,Angiosperm,family,Rubiaceae,4106,-0.998275,0.548977,0.506684,0.437674,1,112,0.418989
genus,Mastixia,Nyssaceae,Angiosperm,family,Nyssaceae,121,-0.391344,0.474742,0.288899,0.541389,1.5,62,0.704961
genus,Matayba,Sapindaceae,Angiosperm,family,Sapindaceae,9911,-0.998904,0.640163,0.420493,0.572939,1,141.2,0.402324
genus,Mayna,Achariaceae,Angiosperm,family,Achariaceae,167,-1.18536,0.688604,0.409278,0.617129,1.5,80.9,0.332336
genus,Maytenus,Celastraceae,Angiosperm,genus,Maytenus,42,-0.411433,0.602689,0.272234,0.264009,10.2,27.7,0.687718
genus,Medicosma,Rutaceae,Angiosperm,family,Rutaceae,1836,-1.18574,0.604387,0.436409,0.516094,1,120,0.336044
genus,Medusanthera,Stemonuraceae,Angiosperm,division,Angiosperm,211929,-1.16468,0.646075,0.464109,0.608856,1,385,0.347503
genus,Meineckia,Phyllanthaceae,Angiosperm,family,Phyllanthaceae,2497,-1.46621,0.775491,0.470494,0.629917,1,111.5,0.257811
genus,Meiocarpidium,Annonaceae,Angiosperm,family,Annonaceae,1937,-0.832977,0.567258,0.469393,0.575238,1,126,0.485385
genus,Meiogyne,Annonaceae,Angiosperm,family,Annonaceae,1937,-0.832977,0.567258,0.469393,0.575238,1,126,0.485385
genus,Melaleuca,Myrtaceae,Angiosperm,family,Myrtaceae,9073,-1.07255,0.569338,0.402473,0.610796,1,385,0.370999
genus,Melanochyla,Anacardiaceae,Angiosperm,family,Anacardiaceae,2052,-1.2584,0.679159,0.439244,0.710644,1,197.5,0.312881
genus,Melanorrhoea,Anacardiaceae,Angiosperm,family,Anacardiaceae,2052,-1.2584,0.679159,0.439244,0.710644,1,197.5,0.312881
genus,Melastoma,Melastomataceae,Angiosperm,genus,Melastoma,58,-0.94184,0.403948,0.380827,0.228731,3.1,30,0.419234
genus,Melia,Meliaceae,Angiosperm,family,Meliaceae,2186,-0.866573,0.57892,0.474811,0.632607,1,280.3,0.470551
genus,Melicoccus,Sapindaceae,Angiosperm,genus,Melicoccus,202,-0.779204,0.44753,0.564363,0.23095,1.1,57.4,0.537971
genus,Melicope,Rutaceae,Angiosperm,genus,Melicope,121,-1.16361,0.553517,0.369207,0.497786,3,45,0.334388
genus,Melicytus,Violaceae,Angiosperm,genus,Melicytus,37,-1.16922,0.708652,0.326091,0.564872,2.5,31.7,0.32757
genus,Meliosma,Sabiaceae,Angiosperm,genus,Meliosma,320,-1.37401,0.657643,0.433136,0.467485,1.3,41.5,0.277978
genus,Memecylon,Melastomataceae,Angiosperm,genus,Memecylon,268,-0.783325,0.479327,0.395155,0.409635,1.1,36.4,0.493984
genus,Menziesia,Ericaceae,Angiosperm,family,Ericaceae,1443,-0.62978,0.4646,0.371398,0.552415,1,149,0.570745
genus,Mespilus,Rosaceae,Angiosperm,family,Rosaceae,1561,-0.948281,0.553616,0.50296,0.451948,1,100,0.439641
genus,Mesua,Calophyllaceae,Angiosperm,genus,Mesua,88,-1.06247,0.730765,0.339996,0.742146,2,97.3,0.366165
genus,Metasequoia,Cupressaceae,Gymnosperm,family,Cupressaceae,563,-1.03097,0.556493,0.392518,0.571444,1,770,0.385224
genus,Metopium,Anacardiaceae,Angiosperm,genus,Metopium,108,-1.6618,0.686823,0.514737,0.448428,2.5,59,0.216682
genus,Metrosideros,Myrtaceae,Angiosperm,genus,Metrosideros,39,-1.57605,0.72388,0.230776,0.938674,1.9,176.4,0.21237
genus,Mezilaurus,Lauraceae,Angiosperm,family,Lauraceae,6466,-0.827153,0.494061,0.501244,0.495364,1,195,0.495826
genus,Mezzettia,Annonaceae,Angiosperm,family,Annonaceae,1937,-0.832977,0.567258,0.469393,0.575238,1,126,0.485385
genus,Miconia,Melastomataceae,Angiosperm,genus,Miconia,86,-0.604256,0.619717,0.396647,0.780273,1,41.5,0.591206
genus,Micrandra,Euphorbiaceae,Angiosperm,family,Euphorbiaceae,6196,-1.17832,0.614096,0.482286,0.532154,1,117,0.345755
genus,Microcos,Malvaceae,Angiosperm,genus,Microcos,218,-1.25526,0.612177,0.439734,0.461917,1.1,75,0.313932
genus,Microdesmis,Pandaceae,Angiosperm,family,Pandaceae,166,-1.1189,0.643272,0.511808,0.588088,1.3,74.6,0.372346
genus,Micromelum,Rutaceae,Angiosperm,family,Rutaceae,1836,-1.18574,0.604387,0.436409,0.516094,1,120,0.336044
genus,Micropholis,Sapotaceae,Angiosperm,family,Sapotaceae,3340,-1.00975,0.592546,0.498707,0.615454,1,180,0.412551
genus,Microtropis,Celastraceae,Angiosperm,family,Celastraceae,435,-1.13263,0.66231,0.556926,0.494744,1,101.6,0.376232
genus,Milicia,Moraceae,Angiosperm,family,Moraceae,2663,-1.1809,0.654914,0.498565,0.646044,1,217.7,0.34763
genus,Miliusa,Annonaceae,Angiosperm,family,Annonaceae,1937,-0.832977,0.567258,0.469393,0.575238,1,126,0.485385
genus,Millettia,Fabaceae,Angiosperm,family,Fabaceae,13535,-1.19381,0.703454,0.539608,0.602688,1,246.4,0.35056
genus,Mimosa,Fabaceae,Angiosperm,genus,Mimosa,763,-1.49142,0.837195,0.561903,0.427002,1,57,0.26354
genus,Minquartia,Olacaceae,Angiosperm,genus,Minquartia,32,-1.27279,0.67987,0.448373,0.604422,5.1,99.2,0.309663
genus,Mischarytera,Sapindaceae,Angiosperm,family,Sapindaceae,9911,-0.998904,0.640163,0.420493,0.572939,1,141.2,0.402324
genus,Mischocarpus,Sapindaceae,Angiosperm,genus,Mischocarpus,113,-1.26803,0.580371,0.417707,0.430449,3,45.5,0.307037
genus,Mitrephora,Annonaceae,Angiosperm,genus,Mitrephora,35,-0.629281,0.393732,0.289269,0.558961,1.6,41.4,0.555747
genus,Mollinedia,Monimiaceae,Angiosperm,family,Monimiaceae,194,-0.272793,0.417823,0.367659,0.229018,10.3,112,0.814479
genus,Monanthotaxis,Annonaceae,Angiosperm,family,Annonaceae,1937,-0.832977,0.567258,0.469393,0.575238,1,126,0.485385
genus,Monodora,Annonaceae,Angiosperm,family,Annonaceae,1937,-0.832977,0.567258,0.469393,0.575238,1,126,0.485385
genus,Monoon,Annonaceae,Angiosperm,family,Annonaceae,1937,-0.832977,0.567258,0.469393,0.575238,1,126,0.485385
genus,Monotes,Dipterocarpaceae,Angiosperm,family,Dipterocarpaceae,3821,-1.58657,0.774201,0.418766,0.726176,1,212,0.223378
genus,Monteverdia,Celastraceae,Angiosperm,family,Celastraceae,435,-1.13263,0.66231,0.556926,0.494744,1,101.6,0.376232
genus,Morella,Myricaceae,Angiosperm,family,Myricaceae,37,-0.139754,0.335607,0.268522,0.595157,1.1,43.9,0.901493
genus,Morinda,Rubiaceae,Angiosperm,family,Rubiaceae,4106,-0.998275,0.548977,0.506684,0.437674,1,112,0.418989
genus,Morisonia,Capparaceae,Angiosperm,family,Capparaceae,456,-0.69434,0.432976,0.407584,0.381963,1,33.3,0.542657
genus,Moronobea,Clusiaceae,Angiosperm,family,Clusiaceae,1211,-1.20062,0.675771,0.482073,0.521062,1,77.4,0.338095
genus,Mortoniodendron,Malvaceae,Angiosperm,family,Malvaceae,4461,-1.20189,0.656564,0.487643,0.62546,1,247.7,0.33858
genus,Morus,Moraceae,Angiosperm,genus,Morus,36,-1.74041,0.901911,0.49285,0.794254,1.6,89.5,0.198105
genus,Mosannona,Annonaceae,Angiosperm,family,Annonaceae,1937,-0.832977,0.567258,0.469393,0.575238,1,126,0.485385
genus,Mosiera,Myrtaceae,Angiosperm,family,Myrtaceae,9073,-1.07255,0.569338,0.402473,0.610796,1,385,0.370999
genus,Moultonianthus,Euphorbiaceae,Angiosperm,family,Euphorbiaceae,6196,-1.17832,0.614096,0.482286,0.532154,1,117,0.345755
genus,Mouriri,Melastomataceae,Angiosperm,genus,Mouriri,55,-0.226157,0.426054,0.352374,0.639942,1.2,49.7,0.84868
genus,Mucuna,Fabaceae,Angiosperm,family,Fabaceae,13535,-1.19381,0.703454,0.539608,0.602688,1,246.4,0.35056
genus,Multidentia,Rubiaceae,Angiosperm,family,Rubiaceae,4106,-0.998275,0.548977,0.506684,0.437674,1,112,0.418989
genus,Murraya,Rutaceae,Angiosperm,family,Rutaceae,1836,-1.18574,0.604387,0.436409,0.516094,1,120,0.336044
genus,Musa,Musaceae,Angiosperm,division,Angiosperm,211929,-1.16468,0.646075,0.464109,0.608856,1,385,0.347503
genus,Musanga,Urticaceae,Angiosperm,family,Urticaceae,449,-1.4549,0.788163,0.497939,0.661041,1,105.1,0.264232
genus,Musgravea,Proteaceae,Angiosperm,family,Proteaceae,510,-1.50893,0.80052,0.381045,0.713551,1.8,88,0.237798
genus,Myoporum,Scrophulariaceae,Angiosperm,division,Angiosperm,211929,-1.16468,0.646075,0.464109,0.608856,1,385,0.347503
genus,Myrcia,Myrtaceae,Angiosperm,family,Myrtaceae,9073,-1.07255,0.569338,0.402473,0.610796,1,385,0.370999
genus,Myrciaria,Myrtaceae,Angiosperm,family,Myrtaceae,9073,-1.07255,0.569338,0.402473,0.610796,1,385,0.370999
genus,Myrianthus,Urticaceae,Angiosperm,family,Urticaceae,449,-1.4549,0.788163,0.497939,0.661041,1,105.1,0.264232
genus,Myrica,Myricaceae,Angiosperm,family,Myricaceae,37,-0.139754,0.335607,0.268522,0.595157,1.1,43.9,0.901493
genus,Myriocarpa,Urticaceae,Angiosperm,family,Urticaceae,449,-1.4549,0.788163,0.497939,0.661041,1,105.1,0.264232
genus,Myristica,Myristicaceae,Angiosperm,genus,Myristica,259,-1.01653,0.696095,0.286791,0.656697,1.6,60.5,0.37704
genus,Myrocarpus,Fabaceae,Angiosperm,family,Fabaceae,13535,-1.19381,0.703454,0.539608,0.602688,1,246.4,0.35056
genus,Myrospermum,Fabaceae,Angiosperm,family,Fabaceae,13535,-1.19381,0.703454,0.539608,0.602688,1,246.4,0.35056
genus,Myroxylon,Fabaceae,Angiosperm,family,Fabaceae,13535,-1.19381,0.703454,0.539608,0.602688,1,246.4,0.35056
genus,Myrsine,Primulaceae,Angiosperm,genus,Myrsine,143,-1.63825,0.839614,0.468005,0.582073,1.1,42.1,0.216809
genus,Nabalus,Asteraceae,Angiosperm,division,Angiosperm,211929,-1.16468,0.646075,0.464109,0.608856,1,385,0.347503
genus,Nageia,Podocarpaceae,Gymnosperm,family,Podocarpaceae,681,-1.10842,0.614147,0.319892,0.746055,1.9,266,0.34741
genus,Nauclea,Rubiaceae,Angiosperm,genus,Nauclea,46,-0.966823,0.569117,0.435353,0.668045,1.8,112,0.418091
genus,Nectandra,Lauraceae,Angiosperm,genus,Nectandra,69,-1.38873,0.72274,0.465705,0.480918,5.8,76.6,0.277957
genus,Neea,Nyctaginaceae,Angiosperm,genus,Neea,366,-1.32092,0.647835,0.545725,0.436799,1,88.7,0.309743
genus,Neesia,Malvaceae,Angiosperm,family,Malvaceae,4461,-1.20189,0.656564,0.487643,0.62546,1,247.7,0.33858
genus,Nekemias,Vitaceae,Angiosperm,division,Angiosperm,211929,-1.16468,0.646075,0.464109,0.608856,1,385,0.347503
genus,Nematolepis,Rutaceae,Angiosperm,family,Rutaceae,1836,-1.18574,0.604387,0.436409,0.516094,1,120,0.336044
genus,Neo-uvaria,Annonaceae,Angiosperm,family,Annonaceae,1937,-0.832977,0.567258,0.469393,0.575238,1,126,0.485385
genus,Neobalanocarpus,Dipterocarpaceae,Angiosperm,family,Dipterocarpaceae,3821,-1.58657,0.774201,0.418766,0.726176,1,212,0.223378
genus,Neochevalierodendron,Fabaceae,Angiosperm,family,Fabaceae,13535,-1.19381,0.703454,0.539608,0.602688,1,246.4,0.35056
genus,Neocinnamomum,Lauraceae,Angiosperm,family,Lauraceae,6466,-0.827153,0.494061,0.501244,0.495364,1,195,0.495826
genus,Neolamarckia,Rubiaceae,Angiosperm,family,Rubiaceae,4106,-0.998275,0.548977,0.506684,0.437674,1,112,0.418989
genus,Neolitsea,Lauraceae,Angiosperm,genus,Neolitsea,280,-1.50261,0.706119,0.36711,0.588682,3,65.3,0.238062
genus,Neomillspaughia,Polygonaceae,Angiosperm,division,Angiosperm,211929,-1.16468,0.646075,0.464109,0.608856,1,385,0.347503
genus,Neomyrtus,Myrtaceae,Angiosperm,family,Myrtaceae,9073,-1.07255,0.569338,0.402473,0.610796,1,385,0.370999
genus,Neonauclea,Rubiaceae,Angiosperm,family,Rubiaceae,4106,-0.998275,0.548977,0.506684,0.437674,1,112,0.418989
genus,Neopanax,Araliaceae,Angiosperm,family,Araliaceae,1392,-1.63073,0.730318,0.499306,0.591335,1,138.1,0.221779
genus,Neorites,Proteaceae,Angiosperm,family,Proteaceae,510,-1.50893,0.80052,0.381045,0.713551,1.8,88,0.237798
genus,Neoscortechinia,Euphorbiaceae,Angiosperm,genus,Neoscortechinia,49,-0.704809,0.562838,0.269706,0.698869,1.8,33.4,0.512508
genus,Neoshirakia,Euphorbiaceae,Angiosperm,family,Euphorbiaceae,6196,-1.17832,0.614096,0.482286,0.532154,1,117,0.345755
genus,Nephelium,Sapindaceae,Angiosperm,genus,Nephelium,77,-1.11131,0.614841,0.311574,0.758806,1.1,49,0.345498
genus,Nesogordonia,Malvaceae,Angiosperm,genus,Nesogordonia,35,-2.29543,0.956255,0.355368,0.678677,10.5,77.2,0.107283
genus,Newtonia,Fabaceae,Angiosperm,family,Fabaceae,13535,-1.19381,0.703454,0.539608,0.602688,1,246.4,0.35056
genus,Niemeyera,Sapotaceae,Angiosperm,family,Sapotaceae,3340,-1.00975,0.592546,0.498707,0.615454,1,180,0.412551
genus,Noronhia,Oleaceae,Angiosperm,family,Oleaceae,3572,-0.928935,0.545344,0.439232,0.492978,1,88.8,0.434973
genus,Notelaea,Oleaceae,Angiosperm,family,Oleaceae,3572,-0.928935,0.545344,0.439232,0.492978,1,88.8,0.434973
genus,Nothaphoebe,Lauraceae,Angiosperm,family,Lauraceae,6466,-0.827153,0.494061,0.501244,0.495364,1,195,0.495826
genus,Nothocissus,Vitaceae,Angiosperm,division,Angiosperm,211929,-1.16468,0.646075,0.464109,0.608856,1,385,0.347503
genus,Nothofagus,Nothofagaceae,Angiosperm,genus,Nothofagus,1483,-1.36163,0.687883,0.321271,0.787839,1,206.3,0.269813
genus,Notholithocarpus,Fagaceae,Angiosperm,family,Fagaceae,77236,-1.61565,0.780644,0.386577,0.655452,1,222.9,0.214181
genus,Nothopegia,Anacardiaceae,Angiosperm,genus,Nothopegia,32,-1.47619,0.87879,0.192335,0.630018,9.4,26.1,0.232772
genus,Nyssa,Nyssaceae,Angiosperm,genus,Nyssa,108,-0.338271,0.458379,0.264367,0.551763,2.1,62,0.738358
genus,Ochanostachys,Olacaceae,Angiosperm,genus,Ochanostachys,40,-0.361236,0.401419,0.327268,0.508119,2.4,51.6,0.735148
genus,Ochna,Ochnaceae,Angiosperm,genus,Ochna,160,-1.33574,0.722721,0.384124,0.582742,1,36.9,0.283098
genus,Ochroma,Malvaceae,Angiosperm,family,Malvaceae,4461,-1.20189,0.656564,0.487643,0.62546,1,247.7,0.33858
genus,Ochrosia,Apocynaceae,Angiosperm,family,Apocynaceae,1361,-1.21636,0.659122,0.458037,0.640796,1,186.2,0.329077
genus,Ocotea,Lauraceae,Angiosperm,genus,Ocotea,566,-1.0271,0.652965,0.405966,0.519658,3,195,0.388796
genus,Octomeles,Tetramelaceae,Angiosperm,division,Angiosperm,211929,-1.16468,0.646075,0.464109,0.608856,1,385,0.347503
genus,Olax,Olacaceae,Angiosperm,family,Olacaceae,464,-0.746868,0.592203,0.381469,0.573087,1.4,103,0.50961
genus,Oldfieldia,Picrodendraceae,Angiosperm,division,Angiosperm,211929,-1.16468,0.646075,0.464109,0.608856,1,385,0.347503
genus,Olea,Oleaceae,Angiosperm,genus,Olea,190,-1.55952,0.694382,0.353085,0.590445,3,47.1,0.223759
genus,Olearia,Asteraceae,Angiosperm,division,Angiosperm,211929,-1.16468,0.646075,0.464109,0.608856,1,385,0.347503
genus,Olinia,Penaeaceae,Angiosperm,division,Angiosperm,211929,-1.16468,0.646075,0.464109,0.608856,1,385,0.347503
genus,Omphalea,Euphorbiaceae,Angiosperm,family,Euphorbiaceae,6196,-1.17832,0.614096,0.482286,0.532154,1,117,0.345755
genus,Omphalocarpum,Sapotaceae,Angiosperm,family,Sapotaceae,3340,-1.00975,0.592546,0.498707,0.615454,1,180,0.412551
genus,Oncoba,Salicaceae,Angiosperm,family,Salicaceae,2221,-1.09157,0.615443,0.390641,0.630887,1,103.5,0.362303
genus,Ongokea,Olacaceae,Angiosperm,family,Olacaceae,464,-0.746868,0.592203,0.381469,0.573087,1.4,103,0.50961
genus,Operculicarya,Anacardiaceae,Angiosperm,family,Anacardiaceae,2052,-1.2584,0.679159,0.439244,0.710644,1,197.5,0.312881
genus,Opisthiolepis,Proteaceae,Angiosperm,family,Proteaceae,510,-1.50893,0.80052,0.381045,0.713551,1.8,88,0.237798
genus,Oreocnide,Urticaceae,Angiosperm,family,Urticaceae,449,-1.4549,0.788163,0.497939,0.661041,1,105.1,0.264232
genus,Oreopanax,Araliaceae,Angiosperm,family,Araliaceae,1392,-1.63073,0.730318,0.499306,0.591335,1,138.1,0.221779
genus,Ormosia,Fabaceae,Angiosperm,genus,Ormosia,344,-1.59183,0.724785,0.411678,0.604071,3,90,0.221553
genus,Orophea,Annonaceae,Angiosperm,family,Annonaceae,1937,-0.832977,0.567258,0.469393,0.575238,1,126,0.485385
genus,Oroxylum,Bignoniaceae,Angiosperm,family,Bignoniaceae,878,-1.40041,0.718885,0.507137,0.645503,1.1,137.3,0.280322
genus,Orthion,Violaceae,Angiosperm,genus,Orthion,41,-0.753957,0.5758,0.328378,0.700873,1,25.3,0.496565
genus,Osmanthus,Oleaceae,Angiosperm,genus,Osmanthus,120,-1.56007,0.725236,0.347341,0.586018,3,41.8,0.223187
genus,Ostodes,Euphorbiaceae,Angiosperm,genus,Ostodes,36,-1.15599,0.60565,0.34166,0.545844,4,40.1,0.333664
genus,Ostrya,Betulaceae,Angiosperm,family,Betulaceae,7142,-0.680126,0.553554,0.428609,0.484013,1,145,0.555286
genus,Otoba,Myristicaceae,Angiosperm,family,Myristicaceae,964,-0.851103,0.613182,0.355717,0.708463,1,136.8,0.454828
genus,Otonephelium,Sapindaceae,Angiosperm,family,Sapindaceae,9911,-0.998904,0.640163,0.420493,0.572939,1,141.2,0.402324
genus,Otopappus,Asteraceae,Angiosperm,division,Angiosperm,211929,-1.16468,0.646075,0.464109,0.608856,1,385,0.347503
genus,Ougeinia,Anacardiaceae,Angiosperm,family,Anacardiaceae,2052,-1.2584,0.679159,0.439244,0.710644,1,197.5,0.312881
genus,Ouratea,Ochnaceae,Angiosperm,family,Ochnaceae,215,-1.29361,0.719512,0.42147,0.667232,1,114.7,0.299755
genus,Oxandra,Annonaceae,Angiosperm,genus,Oxandra,163,-0.539559,0.641884,0.252135,0.875628,1,29,0.601835
genus,Oxydendrum,Ericaceae,Angiosperm,family,Ericaceae,1443,-0.62978,0.4646,0.371398,0.552415,1,149,0.570745
genus,Oxystigma,Fabaceae,Angiosperm,family,Fabaceae,13535,-1.19381,0.703454,0.539608,0.602688,1,246.4,0.35056
genus,Ozoroa,Anacardiaceae,Angiosperm,family,Anacardiaceae,2052,-1.2584,0.679159,0.439244,0.710644,1,197.5,0.312881
genus,Pachira,Malvaceae,Angiosperm,family,Malvaceae,4461,-1.20189,0.656564,0.487643,0.62546,1,247.7,0.33858
genus,Pachyelasma,Fabaceae,Angiosperm,family,Fabaceae,13535,-1.19381,0.703454,0.539608,0.602688,1,246.4,0.35056
genus,Pachypodium,Apocynaceae,Angiosperm,family,Apocynaceae,1361,-1.21636,0.659122,0.458037,0.640796,1,186.2,0.329077
genus,Palaquium,Sapotaceae,Angiosperm,genus,Palaquium,174,-1.24279,0.75028,0.330586,0.593804,2.4,69.2,0.304784
genus,Palicourea,Rubiaceae,Angiosperm,family,Rubiaceae,4106,-0.998275,0.548977,0.506684,0.437674,1,112,0.418989
genus,Pancovia,Sapindaceae,Angiosperm,genus,Pancovia,46,-0.971233,0.704426,0.341585,0.325639,10.3,35.7,0.401361
genus,Panda,Pandaceae,Angiosperm,genus,Panda,34,-1.04218,0.683066,0.45736,0.364418,12.1,74.6,0.391569
genus,Pandanus,Pandanaceae,Angiosperm,division,Angiosperm,211929,-1.16468,0.646075,0.464109,0.608856,1,385,0.347503
genus,Pappea,Sapindaceae,Angiosperm,family,Sapindaceae,9911,-0.998904,0.640163,0.420493,0.572939,1,141.2,0.402324
genus,Paracroton,Euphorbiaceae,Angiosperm,family,Euphorbiaceae,6196,-1.17832,0.614096,0.482286,0.532154,1,117,0.345755
genus,Parahancornia,Apocynaceae,Angiosperm,family,Apocynaceae,1361,-1.21636,0.659122,0.458037,0.640796,1,186.2,0.329077
genus,Paranephelium,Sapindaceae,Angiosperm,family,Sapindaceae,9911,-0.998904,0.640163,0.420493,0.572939,1,141.2,0.402324
genus,Pararchidendron,Fabaceae,Angiosperm,family,Fabaceae,13535,-1.19381,0.703454,0.539608,0.602688,1,246.4,0.35056
genus,Parartocarpus,Moraceae,Angiosperm,family,Moraceae,2663,-1.1809,0.654914,0.498565,0.646044,1,217.7,0.34763
genus,Parashorea,Dipterocarpaceae,Angiosperm,genus,Parashorea,225,-1.09522,0.634819,0.314255,0.74151,3.3,129.1,0.351397
genus,Parathesis,Primulaceae,Angiosperm,family,Primulaceae,607,-1.02926,0.533411,0.456215,0.479607,1,65.5,0.396453
genus,Parinari,Chrysobalanaceae,Angiosperm,family,Chrysobalanaceae,345,-0.800438,0.601551,0.417896,0.671237,1.1,99.9,0.490113
genus,Parishia,Anacardiaceae,Angiosperm,family,Anacardiaceae,2052,-1.2584,0.679159,0.439244,0.710644,1,197.5,0.312881
genus,Parkia,Fabaceae,Angiosperm,genus,Parkia,36,-0.998473,0.720005,0.49069,0.452671,10,130,0.415578
genus,Parmentiera,Bignoniaceae,Angiosperm,family,Bignoniaceae,878,-1.40041,0.718885,0.507137,0.645503,1.1,137.3,0.280322
genus,Paropsia,Passifloraceae,Angiosperm,family,Passifloraceae,35,-0.85094,0.588435,0.480469,0.522437,1.2,34,0.479259
genus,Parrotia,Hamamelidaceae,Angiosperm,genus,Parrotia,39,-0.851474,0.534323,0.434255,0.663286,1,44,0.468985
genus,Parsonsia,Apocynaceae,Angiosperm,family,Apocynaceae,1361,-1.21636,0.659122,0.458037,0.640796,1,186.2,0.329077
genus,Paulownia,Paulowniaceae,Angiosperm,division,Angiosperm,211929,-1.16468,0.646075,0.464109,0.608856,1,385,0.347503
genus,Pauridiantha,Rubiaceae,Angiosperm,family,Rubiaceae,4106,-0.998275,0.548977,0.506684,0.437674,1,112,0.418989
genus,Pausinystalia,Rubiaceae,Angiosperm,genus,Pausinystalia,79,-0.861494,0.599632,0.427666,0.313733,10.4,66.7,0.462992
genus,Pavetta,Rubiaceae,Angiosperm,family,Rubiaceae,4106,-0.998275,0.548977,0.506684,0.437674,1,112,0.418989
genus,Payena,Sapotaceae,Angiosperm,genus,Payena,56,-0.593536,0.463186,0.322911,0.504243,1.6,57.8,0.581933
genus,Peddiea,Thymelaeaceae,Angiosperm,family,Thymelaeaceae,136,-0.97815,0.583658,0.396527,0.586642,1.1,37.5,0.40676
genus,Peltogyne,Fabaceae,Angiosperm,family,Fabaceae,13535,-1.19381,0.703454,0.539608,0.602688,1,246.4,0.35056
genus,Peltophorum,Fabaceae,Angiosperm,family,Fabaceae,13535,-1.19381,0.703454,0.539608,0.602688,1,246.4,0.35056
genus,Pennantia,Pennantiaceae,Angiosperm,division,Angiosperm,211929,-1.16468,0.646075,0.464109,0.608856,1,385,0.347503
genus,Pentace,Malvaceae,Angiosperm,genus,Pentace,34,-0.701859,0.490197,0.320176,0.669726,1.8,51.6,0.521731
genus,Pentaclethra,Fabaceae,Angiosperm,genus,Pentaclethra,44,-0.929534,0.698633,0.37329,0.660434,10.8,115.5,0.423221
genus,Pentadesma,Clusiaceae,Angiosperm,family,Clusiaceae,1211,-1.20062,0.675771,0.482073,0.521062,1,77.4,0.338095
genus,Pentaphylax,Pentaphylacaceae,Angiosperm,genus,Pentaphylax,118,-1.34048,0.665268,0.348793,0.583637,3,40,0.278135
genus,Pentaspadon,Anacardiaceae,Angiosperm,family,Anacardiaceae,2052,-1.2584,0.679159,0.439244,0.710644,1,197.5,0.312881
genus,Perebea,Moraceae,Angiosperm,family,Moraceae,2663,-1.1809,0.654914,0.498565,0.646044,1,217.7,0.34763
genus,Pericopsis,Fabaceae,Angiosperm,genus,Pericopsis,32,-1.01689,0.805538,0.303662,0.807321,3.2,67.3,0.378785
genus,Perrottetia,Dipentodontaceae,Angiosperm,division,Angiosperm,211929,-1.16468,0.646075,0.464109,0.608856,1,385,0.347503
genus,Persea,Lauraceae,Angiosperm,genus,Persea,178,-1.11659,0.56008,0.349414,0.583225,1.5,80.7,0.348003
genus,Persoonia,Proteaceae,Angiosperm,family,Proteaceae,510,-1.50893,0.80052,0.381045,0.713551,1.8,88,0.237798
genus,Pertusadina,Rubiaceae,Angiosperm,family,Rubiaceae,4106,-0.998275,0.548977,0.506684,0.437674,1,112,0.418989
genus,Petalostigma,Picrodendraceae,Angiosperm,division,Angiosperm,211929,-1.16468,0.646075,0.464109,0.608856,1,385,0.347503
genus,Petersianthus,Lecythidaceae,Angiosperm,genus,Petersianthus,85,-2.10393,0.946007,0.368691,0.696375,10.3,119.6,0.130555
genus,Petraeovitex,Lamiaceae,Angiosperm,family,Lamiaceae,683,-1.20981,0.61105,0.537772,0.453723,1,77.5,0.344655
genus,Phaeanthus,Annonaceae,Angiosperm,family,Annonaceae,1937,-0.832977,0.567258,0.469393,0.575238,1,126,0.485385
genus,Phellodendron,Rutaceae,Angiosperm,family,Rutaceae,1836,-1.18574,0.604387,0.436409,0.516094,1,120,0.336044
genus,Philenoptera,Fabaceae,Angiosperm,genus,Philenoptera,86,-1.27557,0.743832,0.412887,0.677217,2.2,43.7,0.304119
genus,Phoebe,Lauraceae,Angiosperm,genus,Phoebe,187,-1.14581,0.543261,0.361162,0.522137,3,132,0.339396
genus,Photinia,Rosaceae,Angiosperm,genus,Photinia,52,-0.746458,0.565611,0.377938,0.526768,1.3,33,0.509136
genus,Phyllanthus,Phyllanthaceae,Angiosperm,genus,Phyllanthus,41,-1.68587,0.73453,0.313565,0.697454,3,53.7,0.194619
genus,Phyllocladus,Podocarpaceae,Gymnosperm,family,Podocarpaceae,681,-1.10842,0.614147,0.319892,0.746055,1.9,266,0.34741
genus,Phyllocosmus,Ixonanthaceae,Angiosperm,family,Ixonanthaceae,138,-1.4571,0.655756,0.355174,0.62674,1.9,78.5,0.248074
genus,Phyllostylon,Ulmaceae,Angiosperm,genus,Phyllostylon,100,-0.493221,0.480158,0.236328,0.711265,1.2,40,0.627949
genus,Physalis,Solanaceae,Angiosperm,division,Angiosperm,211929,-1.16468,0.646075,0.464109,0.608856,1,385,0.347503
genus,Picea,Pinaceae,Gymnosperm,genus,Picea,8793,-1.28864,0.59975,0.351573,0.5454,1,109,0.293218
genus,Picralima,Apocynaceae,Angiosperm,family,Apocynaceae,1361,-1.21636,0.659122,0.458037,0.640796,1,186.2,0.329077
genus,Picramnia,Picramniaceae,Angiosperm,division,Angiosperm,211929,-1.16468,0.646075,0.464109,0.608856,1,385,0.347503
genus,Pictetia,Fabaceae,Angiosperm,family,Fabaceae,13535,-1.19381,0.703454,0.539608,0.602688,1,246.4,0.35056
genus,Pieris,Ericaceae,Angiosperm,family,Ericaceae,1443,-0.62978,0.4646,0.371398,0.552415,1,149,0.570745
genus,Pilidiostigma,Myrtaceae,Angiosperm,family,Myrtaceae,9073,-1.07255,0.569338,0.402473,0.610796,1,385,0.370999
genus,Pilocarpus,Rutaceae,Angiosperm,family,Rutaceae,1836,-1.18574,0.604387,0.436409,0.516094,1,120,0.336044
genus,Pimelodendron,Euphorbiaceae,Angiosperm,family,Euphorbiaceae,6196,-1.17832,0.614096,0.482286,0.532154,1,117,0.345755
genus,Pinacopodium,Erythroxylaceae,Angiosperm,division,Angiosperm,211929,-1.16468,0.646075,0.464109,0.608856,1,385,0.347503
genus,Pinus,Pinaceae,Gymnosperm,genus,Pinus,57364,-1.61086,0.743674,0.274196,0.680228,1,130.5,0.207366
genus,Piper,Piperaceae,Angiosperm,division,Angiosperm,211929,-1.16468,0.646075,0.464109,0.608856,1,385,0.347503
genus,Piptadenia,Fabaceae,Angiosperm,family,Fabaceae,13535,-1.19381,0.703454,0.539608,0.602688,1,246.4,0.35056
genus,Piptadeniastrum,Fabaceae,Angiosperm,family,Fabaceae,13535,-1.19381,0.703454,0.539608,0.602688,1,246.4,0.35056
genus,Piptocarpha,Asteraceae,Angiosperm,division,Angiosperm,211929,-1.16468,0.646075,0.464109,0.608856,1,385,0.347503
genus,Piptomeris,Fabaceae,Angiosperm,family,Fabaceae,13535,-1.19381,0.703454,0.539608,0.602688,1,246.4,0.35056
genus,Piranhea,Picrodendraceae,Angiosperm,division,Angiosperm,211929,-1.16468,0.646075,0.464109,0.608856,1,385,0.347503
genus,Piscidia,Fabaceae,Angiosperm,genus,Piscidia,595,-1.50925,0.719548,0.637383,0.292702,2.5,58.2,0.270869
genus,Pisonia,Nyctaginaceae,Angiosperm,genus,Pisonia,71,-0.20112,0.433189,0.334689,0.298737,1,24,0.864926
genus,Pistacia,Anacardiaceae,Angiosperm,genus,Pistacia,123,-0.571157,0.363058,0.40275,0.237397,5,77,0.612594
genus,Pitaviaster,Rutaceae,Angiosperm,family,Rutaceae,1836,-1.18574,0.604387,0.436409,0.516094,1,120,0.336044
genus,Pithecellobium,Fabaceae,Angiosperm,family,Fabaceae,13535,-1.19381,0.703454,0.539608,0.602688,1,246.4,0.35056
genus,Pittosporum,Pittosporaceae,Angiosperm,genus,Pittosporum,66,-1.62774,0.848246,0.311168,0.723416,3,27.6,0.206113
genus,Placospermum,Proteaceae,Angiosperm,family,Proteaceae,510,-1.50893,0.80052,0.381045,0.713551,1.8,88,0.237798
genus,Plagiostyles,Euphorbiaceae,Angiosperm,family,Euphorbiaceae,6196,-1.17832,0.614096,0.482286,0.532154,1,117,0.345755
genus,Planchonella,Sapotaceae,Angiosperm,genus,Planchonella,41,-1.31969,0.602242,0.406879,0.382648,3.7,35.7,0.290277
genus,Planchonia,Lecythidaceae,Angiosperm,family,Lecythidaceae,1114,-0.900694,0.596827,0.391663,0.562421,1.1,186.2,0.438676
genus,Planera,Ulmaceae,Angiosperm,family,Ulmaceae,595,-0.668694,0.584826,0.343496,0.747468,1,82,0.543514
genus,Platanus,Platanaceae,Angiosperm,genus,Platanus,76,-0.923934,0.690911,0.268658,0.634726,9.3,71,0.411541
genus,Platea,Metteniusaceae,Angiosperm,genus,Platea,58,-1.13743,0.543355,0.396793,0.493446,3.3,39.5,0.346905
genus,Plathymenia,Fabaceae,Angiosperm,family,Fabaceae,13535,-1.19381,0.703454,0.539608,0.602688,1,246.4,0.35056
genus,Platycarya,Juglandaceae,Angiosperm,family,Juglandaceae,1068,-1.78882,0.840949,0.446595,0.640864,1.6,72.6,0.184687
genus,Platymiscium,Fabaceae,Angiosperm,genus,Platymiscium,79,-1.93011,0.897395,0.512006,0.698628,3,83,0.165458
genus,Platypodium,Fabaceae,Angiosperm,family,Fabaceae,13535,-1.19381,0.703454,0.539608,0.602688,1,246.4,0.35056
genus,Pleioluma,Sapotaceae,Angiosperm,family,Sapotaceae,3340,-1.00975,0.592546,0.498707,0.615454,1,180,0.412551
genus,Pleradenophora,Euphorbiaceae,Angiosperm,genus,Pleradenophora,72,-0.497439,0.606089,0.270296,0.856892,1,44.6,0.63071
genus,Pleuranthodendron,Salicaceae,Angiosperm,family,Salicaceae,2221,-1.09157,0.615443,0.390641,0.630887,1,103.5,0.362303
genus,Pleurostylia,Celastraceae,Angiosperm,family,Celastraceae,435,-1.13263,0.66231,0.556926,0.494744,1,101.6,0.376232
genus,Plumeria,Apocynaceae,Angiosperm,genus,Plumeria,30,-1.94047,0.956883,0.347795,0.878037,1.4,34.9,0.152592
genus,Podocarpus,Podocarpaceae,Gymnosperm,genus,Podocarpus,406,-0.999175,0.595725,0.29521,0.664703,2.4,266,0.384581
genus,Podopterus,Polygonaceae,Angiosperm,division,Angiosperm,211929,-1.16468,0.646075,0.464109,0.608856,1,385,0.347503
genus,Poecilanthe,Fabaceae,Angiosperm,family,Fabaceae,13535,-1.19381,0.703454,0.539608,0.602688,1,246.4,0.35056
genus,Poeppigia,Fabaceae,Angiosperm,genus,Poeppigia,33,-0.323656,0.44717,0.351401,0.346257,7.2,58.9,0.769577
genus,Poitea,Fabaceae,Angiosperm,family,Fabaceae,13535,-1.19381,0.703454,0.539608,0.602688,1,246.4,0.35056
genus,Polyalthia,Annonaceae,Angiosperm,genus,Polyalthia,124,-0.792478,0.511161,0.405252,0.474001,1.4,41.8,0.491465
genus,Polygala,Polygalaceae,Angiosperm,family,Polygalaceae,351,-1.0078,0.531684,0.399799,0.461213,1.3,60.3,0.395389
genus,Polylepis,Rosaceae,Angiosperm,family,Rosaceae,1561,-0.948281,0.553616,0.50296,0.451948,1,100,0.439641
genus,Polyosma,Escalloniaceae,Angiosperm,genus,Polyosma,66,-1.02974,0.49247,0.38849,0.411816,3.2,54,0.385088
genus,Polyscias,Araliaceae,Angiosperm,family,Araliaceae,1392,-1.63073,0.730318,0.499306,0.591335,1,138.1,0.221779
genus,Polyspora,Theaceae,Angiosperm,family,Theaceae,1208,-1.25632,0.625259,0.401328,0.645191,1,73,0.308577
genus,Pomaderris,Rhamnaceae,Angiosperm,family,Rhamnaceae,689,-0.56848,0.52228,0.455881,0.462699,1,55.4,0.628407
genus,Pombalia,Violaceae,Angiosperm,family,Violaceae,1156,-0.492095,0.483323,0.311101,0.679641,1,47.3,0.641656
genus,Pometia,Sapindaceae,Angiosperm,family,Sapindaceae,9911,-0.998904,0.640163,0.420493,0.572939,1,141.2,0.402324
genus,Pongamia,Fabaceae,Angiosperm,family,Fabaceae,13535,-1.19381,0.703454,0.539608,0.602688,1,246.4,0.35056
genus,Popowia,Annonaceae,Angiosperm,genus,Popowia,48,-0.552505,0.511997,0.20459,0.817098,1.3,27.4,0.587678
genus,Populus,Salicaceae,Angiosperm,genus,Populus,1386,-1.12943,0.625405,0.324049,0.543275,1.1,103.5,0.340641
genus,Porterandia,Rubiaceae,Angiosperm,family,Rubiaceae,4106,-0.998275,0.548977,0.506684,0.437674,1,112,0.418989
genus,Posoqueria,Rubiaceae,Angiosperm,family,Rubiaceae,4106,-0.998275,0.548977,0.506684,0.437674,1,112,0.418989
genus,Poulsenia,Moraceae,Angiosperm,genus,Poulsenia,100,-1.24442,0.735099,0.39634,0.889161,1,96.8,0.311648
genus,Pourouma,Urticaceae,Angiosperm,genus,Pourouma,74,-0.70287,0.615922,0.355797,0.481914,5.2,59.7,0.527517
genus,Pouteria,Sapotaceae,Angiosperm,genus,Pouteria,1400,-0.768896,0.529496,0.466845,0.648724,1,151.4,0.516891
genus,Pradosia,Sapotaceae,Angiosperm,genus,Pradosia,30,-0.871465,0.548262,0.285517,0.623302,5.2,74.5,0.435742
genus,Prainea,Moraceae,Angiosperm,family,Moraceae,2663,-1.1809,0.654914,0.498565,0.646044,1,217.7,0.34763
genus,Premna,Lamiaceae,Angiosperm,family,Lamiaceae,683,-1.20981,0.61105,0.537772,0.453723,1,77.5,0.344655
genus,Prioria,Fabaceae,Angiosperm,genus,Prioria,159,-0.623657,0.595808,0.270749,0.936596,1,140.3,0.55599
genus,Prismatomeris,Rubiaceae,Angiosperm,genus,Prismatomeris,37,-1.40583,0.608714,0.331586,0.611628,3,43.3,0.259017
genus,Prosopis,Fabaceae,Angiosperm,family,Fabaceae,13535,-1.19381,0.703454,0.539608,0.602688,1,246.4,0.35056
genus,Protium,Burseraceae,Angiosperm,genus,Protium,485,-0.792416,0.593106,0.378489,0.728183,1,85.8,0.486368
genus,Protomegabaria,Phyllanthaceae,Angiosperm,family,Phyllanthaceae,2497,-1.46621,0.775491,0.470494,0.629917,1,111.5,0.257811
genus,Prumnopitys,Podocarpaceae,Gymnosperm,genus,Prumnopitys,31,-0.802448,0.504096,0.318153,0.744522,1.9,193,0.4715
genus,Prunus,Rosaceae,Angiosperm,genus,Prunus,503,-1.08356,0.662745,0.444229,0.698662,1,89,0.373481
genus,Pseudobombax,Malvaceae,Angiosperm,genus,Pseudobombax,243,-1.7214,0.72241,0.57729,0.445559,2.7,180,0.211237
genus,Pseudoclausena,Meliaceae,Angiosperm,family,Meliaceae,2186,-0.866573,0.57892,0.474811,0.632607,1,280.3,0.470551
genus,Pseudolachnostylis,Phyllanthaceae,Angiosperm,genus,Pseudolachnostylis,95,-1.70508,0.955568,0.278575,0.72309,5.9,84.7,0.18895
genus,Pseudolmedia,Moraceae,Angiosperm,genus,Pseudolmedia,275,-0.662752,0.641527,0.263864,0.888163,1,53.7,0.53369
genus,Pseudomorus,Moraceae,Angiosperm,family,Moraceae,2663,-1.1809,0.654914,0.498565,0.646044,1,217.7,0.34763
genus,Pseudopanax,Araliaceae,Angiosperm,family,Araliaceae,1392,-1.63073,0.730318,0.499306,0.591335,1,138.1,0.221779
genus,Pseudopiptadenia,Fabaceae,Angiosperm,genus,Pseudopiptadenia,45,-1.14608,0.696121,0.363259,0.549701,10.1,87,0.339563
genus,Pseudosenefeldera,Euphorbiaceae,Angiosperm,family,Euphorbiaceae,6196,-1.17832,0.614096,0.482286,0.532154,1,117,0.345755
genus,Pseudotsuga,Pinaceae,Gymnosperm,genus,Pseudotsuga,4251,-1.31015,0.61799,0.320064,0.675021,1,152.9,0.283959
genus,Pseudoweinmannia,Cunoniaceae,Angiosperm,family,Cunoniaceae,98,-1.12508,0.728754,0.454835,0.574266,2.5,80.5,0.360003
genus,Pseudowintera,Winteraceae,Angiosperm,division,Angiosperm,211929,-1.16468,0.646075,0.464109,0.608856,1,385,0.347503
genus,Pseuduvaria,Annonaceae,Angiosperm,family,Annonaceae,1937,-0.832977,0.567258,0.469393,0.575238,1,126,0.485385
genus,Psidium,Myrtaceae,Angiosperm,genus,Psidium,172,-2.16652,0.968409,0.577363,0.593263,2.5,46,0.135356
genus,Psorospermum,Hypericaceae,Angiosperm,family,Hypericaceae,678,-1.3218,0.639168,0.41348,0.424304,1.6,58,0.290452
genus,Psychotria,Rubiaceae,Angiosperm,genus,Psychotria,860,-1.09558,0.525731,0.43387,0.42073,1,65,0.367342
genus,Psydrax,Rubiaceae,Angiosperm,genus,Psydrax,118,-1.11855,0.529255,0.425819,0.412761,3.2,38.6,0.357762
genus,Pteleopsis,Combretaceae,Angiosperm,family,Combretaceae,1534,-1.12022,0.687025,0.395915,0.720486,1,191,0.352803
genus,Pternandra,Melastomataceae,Angiosperm,family,Melastomataceae,523,-0.779471,0.547054,0.460786,0.517693,1,49.7,0.510018
genus,Pterocarpus,Fabaceae,Angiosperm,genus,Pterocarpus,390,-1.34934,0.803678,0.399456,0.769753,1.6,184,0.280956
genus,Pterocymbium,Malvaceae,Angiosperm,family,Malvaceae,4461,-1.20189,0.656564,0.487643,0.62546,1,247.7,0.33858
genus,Pterodon,Fabaceae,Angiosperm,family,Fabaceae,13535,-1.19381,0.703454,0.539608,0.602688,1,246.4,0.35056
genus,Pterospermum,Malvaceae,Angiosperm,genus,Pterospermum,370,-1.59458,0.704292,0.383815,0.551105,3,59.4,0.21851
genus,Pterygota,Malvaceae,Angiosperm,genus,Pterygota,33,-1.51493,0.773826,0.298623,0.863116,4,93.8,0.229848
genus,Ptychopyxis,Euphorbiaceae,Angiosperm,family,Euphorbiaceae,6196,-1.17832,0.614096,0.482286,0.532154,1,117,0.345755
genus,Pullea,Cunoniaceae,Angiosperm,family,Cunoniaceae,98,-1.12508,0.728754,0.454835,0.574266,2.5,80.5,0.360003
genus,Purshia,Rosaceae,Angiosperm,family,Rosaceae,1561,-0.948281,0.553616,0.50296,0.451948,1,100,0.439641
genus,Putranjiva,Putranjivaceae,Angiosperm,family,Putranjivaceae,559,-1.18648,0.668577,0.520522,0.562337,1.1,72.5,0.349585
genus,Pycnanthus,Myristicaceae,Angiosperm,genus,Pycnanthus,54,-2.40883,1.01154,0.297172,0.786695,13.1,124.2,0.0939796
genus,Pyrenaria,Theaceae,Angiosperm,family,Theaceae,1208,-1.25632,0.625259,0.401328,0.645191,1,73,0.308577
genus,Pyrularia,Santalaceae,Angiosperm,family,Santalaceae,42,-0.828685,0.400661,0.454585,0.269721,1,41.3,0.484149
genus,Pyrus,Rosaceae,Angiosperm,genus,Pyrus,118,-1.87107,0.758089,0.391583,0.518406,2.1,67,0.166227
genus,Quadrella,Capparaceae,Angiosperm,genus,Quadrella,171,-0.895641,0.641655,0.278781,0.723866,1.2,33.3,0.424526
genus,Qualea,Vochysiaceae,Angiosperm,genus,Qualea,39,-1.34563,0.763347,0.376904,0.651571,9.5,95,0.279541
genus,Quararibea,Malvaceae,Angiosperm,genus,Quararibea,216,-0.71044,0.581627,0.280561,0.918707,1,108.2,0.511155
genus,Quassia,Simaroubaceae,Angiosperm,genus,Quassia,34,-2.25246,0.928459,0.519345,0.636744,9.6,68.2,0.120321
genus,Quercus,Fagaceae,Angiosperm,genus,Quercus,63954,-1.8261,0.83828,0.368899,0.686491,1,203.7,0.17238
genus,Quiina,Ochnaceae,Angiosperm,family,Ochnaceae,215,-1.29361,0.719512,0.42147,0.667232,1,114.7,0.299755
genus,Quintinia,Paracryphiaceae,Angiosperm,division,Angiosperm,211929,-1.16468,0.646075,0.464109,0.608856,1,385,0.347503
genus,Racosperma,Fabaceae,Angiosperm,family,Fabaceae,13535,-1.19381,0.703454,0.539608,0.602688,1,246.4,0.35056
genus,Radermachera,Bignoniaceae,Angiosperm,genus,Radermachera,184,-1.88362,0.735325,0.39361,0.574713,3,44,0.164285
genus,Radlkofera,Sapindaceae,Angiosperm,family,Sapindaceae,9911,-0.998904,0.640163,0.420493,0.572939,1,141.2,0.402324
genus,Randia,Rubiaceae,Angiosperm,genus,Randia,151,-0.638866,0.441624,0.637188,0.20231,1,26.2,0.646707
genus,Rapanea,Primulaceae,Angiosperm,genus,Rapanea,64,-0.562007,0.475049,0.360029,0.379072,4,52.4,0.608234
genus,Rauvolfia,Apocynaceae,Angiosperm,family,Apocynaceae,1361,-1.21636,0.659122,0.458037,0.640796,1,186.2,0.329077
genus,Rawsonia,Achariaceae,Angiosperm,family,Achariaceae,167,-1.18536,0.688604,0.409278,0.617129,1.5,80.9,0.332336
genus,Recchia,Surianaceae,Angiosperm,division,Angiosperm,211929,-1.16468,0.646075,0.464109,0.608856,1,385,0.347503
genus,Reevesia,Malvaceae,Angiosperm,genus,Reevesia,124,-1.50764,0.655592,0.38629,0.53199,3,41,0.238585
genus,Reinwardtiodendron,Meliaceae,Angiosperm,genus,Reinwardtiodendron,82,-0.470874,0.55442,0.305283,0.678628,1.4,32.5,0.654244
genus,Retrophyllum,Podocarpaceae,Gymnosperm,family,Podocarpaceae,681,-1.10842,0.614147,0.319892,0.746055,1.9,266,0.34741
genus,Reynosia,Rhamnaceae,Angiosperm,family,Rhamnaceae,689,-0.56848,0.52228,0.455881,0.462699,1,55.4,0.628407
genus,Rhabdodendron,Rhabdodendraceae,Angiosperm,division,Angiosperm,211929,-1.16468,0.646075,0.464109,0.608856,1,385,0.347503
genus,Rhamnella,Rhamnaceae,Angiosperm,family,Rhamnaceae,689,-0.56848,0.52228,0.455881,0.462699,1,55.4,0.628407
genus,Rhamnus,Rhamnaceae,Angiosperm,genus,Rhamnus,300,-0.61096,0.607589,0.342578,0.558297,1,25,0.575636
genus,Rhaphiolepis,Rosaceae,Angiosperm,family,Rosaceae,1561,-0.948281,0.553616,0.50296,0.451948,1,100,0.439641
genus,Rhizophora,Rhizophoraceae,Angiosperm,genus,Rhizophora,210,-1.05736,0.736927,0.30409,0.822243,1,82.7,0.36381
genus,Rhodamnia,Myrtaceae,Angiosperm,genus,Rhodamnia,45,-1.19513,0.546301,0.411799,0.424687,3.2,39.2,0.329446
genus,Rhododendron,Ericaceae,Angiosperm,genus,Rhododendron,165,-0.940347,0.581779,0.285277,0.520305,1.8,27.5,0.40671
genus,Rhodoleia,Hamamelidaceae,Angiosperm,family,Hamamelidaceae,264,-0.14195,0.387314,0.461524,0.330204,1,44,0.965173
genus,Rhodomyrtus,Myrtaceae,Angiosperm,family,Myrtaceae,9073,-1.07255,0.569338,0.402473,0.610796,1,385,0.370999
genus,Rhodotypos,Rosaceae,Angiosperm,family,Rosaceae,1561,-0.948281,0.553616,0.50296,0.451948,1,100,0.439641
genus,Rhus,Anacardiaceae,Angiosperm,family,Anacardiaceae,2052,-1.2584,0.679159,0.439244,0.710644,1,197.5,0.312881
genus,Ricinodendron,Euphorbiaceae,Angiosperm,family,Euphorbiaceae,6196,-1.17832,0.614096,0.482286,0.532154,1,117,0.345755
genus,Rinorea,Violaceae,Angiosperm,genus,Rinorea,1067,-0.48322,0.483268,0.306638,0.679985,1,47.3,0.646484
genus,Rinoreocarpus,Violaceae,Angiosperm,family,Violaceae,1156,-0.492095,0.483323,0.311101,0.679641,1,47.3,0.641656
genus,Robinia,Fabaceae,Angiosperm,genus,Robinia,110,-0.92374,0.561226,0.391923,0.336163,2.9,48.4,0.428725
genus,Robinsonella,Malvaceae,Angiosperm,family,Malvaceae,4461,-1.20189,0.656564,0.487643,0.62546,1,247.7,0.33858
genus,Rochefortia,Boraginaceae,Angiosperm,family,Boraginaceae,362,-1.00836,0.564563,0.55653,0.492039,1,106.3,0.425924
genus,Rockinghamia,Euphorbiaceae,Angiosperm,family,Euphorbiaceae,6196,-1.17832,0.614096,0.482286,0.532154,1,117,0.345755
genus,Rollinia,Annonaceae,Angiosperm,family,Annonaceae,1937,-0.832977,0.567258,0.469393,0.575238,1,126,0.485385
genus,Rondeletia,Rubiaceae,Angiosperm,family,Rubiaceae,4106,-0.998275,0.548977,0.506684,0.437674,1,112,0.418989
genus,Rothmannia,Rubiaceae,Angiosperm,family,Rubiaceae,4106,-0.998275,0.548977,0.506684,0.437674,1,112,0.418989
genus,Roucheria,Linaceae,Angiosperm,division,Angiosperm,211929,-1.16468,0.646075,0.464109,0.608856,1,385,0.347503
genus,Roupala,Proteaceae,Angiosperm,family,Proteaceae,510,-1.50893,0.80052,0.381045,0.713551,1.8,88,0.237798
genus,Rourea,Connaraceae,Angiosperm,family,Connaraceae,77,-1.22165,0.585382,0.426067,0.359038,2.5,37.3,0.322748
genus,Rubus,Rosaceae,Angiosperm,family,Rosaceae,1561,-0.948281,0.553616,0.50296,0.451948,1,100,0.439641
genus,Ruprechtia,Polygonaceae,Angiosperm,division,Angiosperm,211929,-1.16468,0.646075,0.464109,0.608856,1,385,0.347503
genus,Ryania,Salicaceae,Angiosperm,family,Salicaceae,2221,-1.09157,0.615443,0.390641,0.630887,1,103.5,0.362303
genus,Ryparosa,Achariaceae,Angiosperm,family,Achariaceae,167,-1.18536,0.688604,0.409278,0.617129,1.5,80.9,0.332336
genus,Sacoglottis,Humiriaceae,Angiosperm,genus,Sacoglottis,137,-1.27859,0.739458,0.338972,0.606579,9.6,98.5,0.294895
genus,Sageraea,Annonaceae,Angiosperm,family,Annonaceae,1937,-0.832977,0.567258,0.469393,0.575238,1,126,0.485385
genus,Sageretia,Rhamnaceae,Angiosperm,family,Rhamnaceae,689,-0.56848,0.52228,0.455881,0.462699,1,55.4,0.628407
genus,Sagotia,Euphorbiaceae,Angiosperm,family,Euphorbiaceae,6196,-1.17832,0.614096,0.482286,0.532154,1,117,0.345755
genus,Salacia,Celastraceae,Angiosperm,family,Celastraceae,435,-1.13263,0.66231,0.556926,0.494744,1,101.6,0.376232
genus,Salix,Salicaceae,Angiosperm,genus,Salix,59,-0.942425,0.566406,0.376772,0.71795,1,33,0.418346
genus,Salvertia,Vochysiaceae,Angiosperm,family,Vochysiaceae,117,-1.30568,0.729449,0.344753,0.639775,6,125.7,0.287582
genus,Sambucus,Adoxaceae,Angiosperm,division,Angiosperm,211929,-1.16468,0.646075,0.464109,0.608856,1,385,0.347503
genus,Samyda,Salicaceae,Angiosperm,family,Salicaceae,2221,-1.09157,0.615443,0.390641,0.630887,1,103.5,0.362303
genus,Sandoricum,Meliaceae,Angiosperm,family,Meliaceae,2186,-0.866573,0.57892,0.474811,0.632607,1,280.3,0.470551
genus,Santalum,Santalaceae,Angiosperm,family,Santalaceae,42,-0.828685,0.400661,0.454585,0.269721,1,41.3,0.484149
genus,Santiria,Burseraceae,Angiosperm,genus,Santiria,106,-1.02157,0.680358,0.416652,0.764642,1.2,93,0.392677
genus,Sapindus,Sapindaceae,Angiosperm,genus,Sapindus,36,-0.746983,0.506209,0.553529,0.420155,1.1,47,0.552233
genus,Sapium,Euphorbiaceae,Angiosperm,genus,Sapium,33,-1.57755,0.772819,0.471561,0.593153,4.3,77.7,0.230762
genus,Sapranthus,Annonaceae,Angiosperm,family,Annonaceae,1937,-0.832977,0.567258,0.469393,0.575238,1,126,0.485385
genus,Saprosma,Rubiaceae,Angiosperm,family,Rubiaceae,4106,-0.998275,0.548977,0.506684,0.437674,1,112,0.418989
genus,Saraca,Fabaceae,Angiosperm,family,Fabaceae,13535,-1.19381,0.703454,0.539608,0.602688,1,246.4,0.35056
genus,Sarcobatus,Sarcobataceae,Angiosperm,division,Angiosperm,211929,-1.16468,0.646075,0.464109,0.608856,1,385,0.347503
genus,Sarcomelicope,Rutaceae,Angiosperm,family,Rutaceae,1836,-1.18574,0.604387,0.436409,0.516094,1,120,0.336044
genus,Sarcomphalus,Rhamnaceae,Angiosperm,family,Rhamnaceae,689,-0.56848,0.52228,0.455881,0.462699,1,55.4,0.628407
genus,Sarcopteryx,Sapindaceae,Angiosperm,family,Sapindaceae,9911,-0.998904,0.640163,0.420493,0.572939,1,141.2,0.402324
genus,Sarcosperma,Sapotaceae,Angiosperm,genus,Sarcosperma,400,-1.48394,0.618743,0.419032,0.441552,3,61,0.247549
genus,Sarcotheca,Oxalidaceae,Angiosperm,division,Angiosperm,211929,-1.16468,0.646075,0.464109,0.608856,1,385,0.347503
genus,Sarcotoechia,Sapindaceae,Angiosperm,family,Sapindaceae,9911,-0.998904,0.640163,0.420493,0.572939,1,141.2,0.402324
genus,Sassafras,Lauraceae,Angiosperm,genus,Sassafras,34,-1.02822,0.634059,0.222784,0.846133,2.4,51.4,0.366629
genus,Saurauia,Actinidiaceae,Angiosperm,genus,Saurauia,61,-1.39817,0.726156,0.404168,0.512384,3.5,48,0.268072
genus,Savia,Phyllanthaceae,Angiosperm,family,Phyllanthaceae,2497,-1.46621,0.775491,0.470494,0.629917,1,111.5,0.257811
genus,Scaphium,Malvaceae,Angiosperm,genus,Scaphium,39,-0.870916,0.584068,0.280266,0.883049,1,97.4,0.435334
genus,Scaphocalyx,Achariaceae,Angiosperm,family,Achariaceae,167,-1.18536,0.688604,0.409278,0.617129,1.5,80.9,0.332336
genus,Scaphopetalum,Malvaceae,Angiosperm,family,Malvaceae,4461,-1.20189,0.656564,0.487643,0.62546,1,247.7,0.33858
genus,Schaefferia,Celastraceae,Angiosperm,family,Celastraceae,435,-1.13263,0.66231,0.556926,0.494744,1,101.6,0.376232
genus,Schefflera,Araliaceae,Angiosperm,genus,Schefflera,1121,-1.90116,0.803168,0.467634,0.635181,2.5,138.1,0.166656
genus,Schima,Theaceae,Angiosperm,genus,Schima,825,-1.44891,0.692758,0.368679,0.651584,1.4,73,0.251341
genus,Schinziophyton,Euphorbiaceae,Angiosperm,family,Euphorbiaceae,6196,-1.17832,0.614096,0.482286,0.532154,1,117,0.345755
genus,Schizocalyx,Rubiaceae,Angiosperm,family,Rubiaceae,4106,-0.998275,0.548977,0.506684,0.437674,1,112,0.418989
genus,Schizolobium,Fabaceae,Angiosperm,family,Fabaceae,13535,-1.19381,0.703454,0.539608,0.602688,1,246.4,0.35056
genus,Schizomeria,Cunoniaceae,Angiosperm,family,Cunoniaceae,98,-1.12508,0.728754,0.454835,0.574266,2.5,80.5,0.360003
genus,Schleichera,Sapindaceae,Angiosperm,family,Sapindaceae,9911,-0.998904,0.640163,0.420493,0.572939,1,141.2,0.402324
genus,Schoepfia,Schoepfiaceae,Angiosperm,genus,Schoepfia,46,-0.945841,0.565676,0.397336,0.55375,1.2,23.1,0.420251
genus,Schoutenia,Malvaceae,Angiosperm,family,Malvaceae,4461,-1.20189,0.656564,0.487643,0.62546,1,247.7,0.33858
genus,Schumacheria,Dilleniaceae,Angiosperm,family,Dilleniaceae,320,-0.9912,0.507868,0.474276,0.310851,2.3,66,0.41531
genus,Sclerocarya,Anacardiaceae,Angiosperm,genus,Sclerocarya,86,-0.989032,0.698953,0.303248,0.872083,2,98.4,0.389437
genus,Sclerolobium,Fabaceae,Angiosperm,family,Fabaceae,13535,-1.19381,0.703454,0.539608,0.602688,1,246.4,0.35056
genus,Scleropyrum,Santalaceae,Angiosperm,genus,Scleropyrum,39,-1.27368,0.608053,0.444109,0.339724,3,41.3,0.308798
genus,Scolopia,Salicaceae,Angiosperm,genus,Scolopia,97,-1.16629,0.570357,0.413167,0.473623,1.8,56.6,0.339279
genus,Scorodocarpus,Olacaceae,Angiosperm,family,Olacaceae,464,-0.746868,0.592203,0.381469,0.573087,1.4,103,0.50961
genus,Scorodophloeus,Fabaceae,Angiosperm,family,Fabaceae,13535,-1.19381,0.703454,0.539608,0.602688,1,246.4,0.35056
genus,Scottellia,Achariaceae,Angiosperm,family,Achariaceae,167,-1.18536,0.688604,0.409278,0.617129,1.5,80.9,0.332336
genus,Scyphiphora,Rubiaceae,Angiosperm,family,Rubiaceae,4106,-0.998275,0.548977,0.506684,0.437674,1,112,0.418989
genus,Scyphocephalium,Myristicaceae,Angiosperm,family,Myristicaceae,964,-0.851103,0.613182,0.355717,0.708463,1,136.8,0.454828
genus,Scytopetalum,Lecythidaceae,Angiosperm,family,Lecythidaceae,1114,-0.900694,0.596827,0.391663,0.562421,1.1,186.2,0.438676
genus,Searsia,Anacardiaceae,Angiosperm,family,Anacardiaceae,2052,-1.2584,0.679159,0.439244,0.710644,1,197.5,0.312881
genus,Sebastiania,Euphorbiaceae,Angiosperm,family,Euphorbiaceae,6196,-1.17832,0.614096,0.482286,0.532154,1,117,0.345755
genus,Securidaca,Polygalaceae,Angiosperm,family,Polygalaceae,351,-1.0078,0.531684,0.399799,0.461213,1.3,60.3,0.395389
genus,Securinega,Phyllanthaceae,Angiosperm,family,Phyllanthaceae,2497,-1.46621,0.775491,0.470494,0.629917,1,111.5,0.257811
genus,Semecarpus,Anacardiaceae,Angiosperm,family,Anacardiaceae,2052,-1.2584,0.679159,0.439244,0.710644,1,197.5,0.312881
genus,Semialarium,Celastraceae,Angiosperm,genus,Semialarium,36,-1.39711,0.585454,0.489704,0.424046,2.6,25,0.278817
genus,Senegalia,Fabaceae,Angiosperm,genus,Senegalia,153,-0.960827,0.642915,0.325301,0.691981,2,94.9,0.403364
genus,Senna,Fabaceae,Angiosperm,genus,Senna,61,-1.02912,0.596026,0.520464,0.375858,1.2,26.6,0.409149
genus,Sequoia,Cupressaceae,Gymnosperm,family,Cupressaceae,563,-1.03097,0.556493,0.392518,0.571444,1,770,0.385224
genus,Sequoiadendron,Cupressaceae,Gymnosperm,family,Cupressaceae,563,-1.03097,0.556493,0.392518,0.571444,1,770,0.385224
genus,Sextonia,Lauraceae,Angiosperm,family,Lauraceae,6466,-0.827153,0.494061,0.501244,0.495364,1,195,0.495826
genus,Shirakiopsis,Euphorbiaceae,Angiosperm,family,Euphorbiaceae,6196,-1.17832,0.614096,0.482286,0.532154,1,117,0.345755
genus,Shorea,Dipterocarpaceae,Angiosperm,genus,Shorea,689,-0.948785,0.60057,0.386482,0.680451,1.2,212,0.417237
genus,Sideroxylon,Sapotaceae,Angiosperm,genus,Sideroxylon,215,-0.523498,0.451987,0.554543,0.219421,1.1,53.8,0.690915
genus,Simarouba,Simaroubaceae,Angiosperm,genus,Simarouba,85,-0.906645,0.611735,0.376737,0.831715,1,78.9,0.43358
genus,Simira,Rubiaceae,Angiosperm,family,Rubiaceae,4106,-0.998275,0.548977,0.506684,0.437674,1,112,0.418989
genus,Sindora,Fabaceae,Angiosperm,genus,Sindora,67,-1.38321,0.707213,0.472477,0.634351,1.4,102.9,0.280385
genus,Singaporandia,Rubiaceae,Angiosperm,family,Rubiaceae,4106,-0.998275,0.548977,0.506684,0.437674,1,112,0.418989
genus,Sinoadina,Rubiaceae,Angiosperm,family,Rubiaceae,4106,-0.998275,0.548977,0.506684,0.437674,1,112,0.418989
genus,Siparuna,Siparunaceae,Angiosperm,division,Angiosperm,211929,-1.16468,0.646075,0.464109,0.608856,1,385,0.347503
genus,Siphonodon,Celastraceae,Angiosperm,family,Celastraceae,435,-1.13263,0.66231,0.556926,0.494744,1,101.6,0.376232
genus,Sloanea,Elaeocarpaceae,Angiosperm,genus,Sloanea,137,-1.01838,0.672781,0.418094,0.757195,1.1,124.7,0.39417
genus,Sonneratia,Lythraceae,Angiosperm,family,Lythraceae,69,-1.43874,0.632124,0.442631,0.564493,2.7,59.5,0.261642
genus,Sophora,Fabaceae,Angiosperm,family,Fabaceae,13535,-1.19381,0.703454,0.539608,0.602688,1,246.4,0.35056
genus,Sorbus,Rosaceae,Angiosperm,genus,Sorbus,325,-0.334414,0.395865,0.359137,0.291821,1.3,67,0.763437
genus,Sorindeia,Anacardiaceae,Angiosperm,family,Anacardiaceae,2052,-1.2584,0.679159,0.439244,0.710644,1,197.5,0.312881
genus,Sorocea,Moraceae,Angiosperm,family,Moraceae,2663,-1.1809,0.654914,0.498565,0.646044,1,217.7,0.34763
genus,Spathandra,Melastomataceae,Angiosperm,family,Melastomataceae,523,-0.779471,0.547054,0.460786,0.517693,1,49.7,0.510018
genus,Spathiostemon,Euphorbiaceae,Angiosperm,family,Euphorbiaceae,6196,-1.17832,0.614096,0.482286,0.532154,1,117,0.345755
genus,Spathodea,Bignoniaceae,Angiosperm,family,Bignoniaceae,878,-1.40041,0.718885,0.507137,0.645503,1.1,137.3,0.280322
genus,Sphalmium,Proteaceae,Angiosperm,family,Proteaceae,510,-1.50893,0.80052,0.381045,0.713551,1.8,88,0.237798
genus,Sphenostemon,Paracryphiaceae,Angiosperm,division,Angiosperm,211929,-1.16468,0.646075,0.464109,0.608856,1,385,0.347503
genus,Spondias,Anacardiaceae,Angiosperm,genus,Spondias,104,-1.85557,0.891587,0.468074,0.866002,1,104.5,0.174467
genus,Staudtia,Myristicaceae,Angiosperm,genus,Staudtia,95,-1.94632,0.87803,0.360096,0.643072,11.2,93.1,0.152364
genus,Steganotaenia,Apiaceae,Angiosperm,division,Angiosperm,211929,-1.16468,0.646075,0.464109,0.608856,1,385,0.347503
genus,Steganthera,Monimiaceae,Angiosperm,family,Monimiaceae,194,-0.272793,0.417823,0.367659,0.229018,10.3,112,0.814479
genus,Stemonocoleus,Fabaceae,Angiosperm,family,Fabaceae,13535,-1.19381,0.703454,0.539608,0.602688,1,246.4,0.35056
genus,Stemonurus,Stemonuraceae,Angiosperm,division,Angiosperm,211929,-1.16468,0.646075,0.464109,0.608856,1,385,0.347503
genus,Stenocarpus,Proteaceae,Angiosperm,family,Proteaceae,510,-1.50893,0.80052,0.381045,0.713551,1.8,88,0.237798
genus,Stenostomum,Rubiaceae,Angiosperm,family,Rubiaceae,4106,-0.998275,0.548977,0.506684,0.437674,1,112,0.418989
genus,Sterculia,Malvaceae,Angiosperm,genus,Sterculia,353,-1.55112,0.763121,0.409088,0.752308,2.1,207.5,0.230514
genus,Stereospermum,Bignoniaceae,Angiosperm,genus,Stereospermum,75,-1.89309,0.816086,0.421975,0.529336,3,21,0.164629
genus,Storckiella,Fabaceae,Angiosperm,family,Fabaceae,13535,-1.19381,0.703454,0.539608,0.602688,1,246.4,0.35056
genus,Streblus,Moraceae,Angiosperm,genus,Streblus,361,-1.21064,0.60805,0.378041,0.42038,3,38.4,0.32008
genus,Strephonema,Combretaceae,Angiosperm,family,Combretaceae,1534,-1.12022,0.687025,0.395915,0.720486,1,191,0.352803
genus,Strobilanthes,Acanthaceae,Angiosperm,family,Acanthaceae,477,-1.19448,0.590213,0.364752,0.71692,1,103.3,0.323693
genus,Strombosia,Olacaceae,Angiosperm,genus,Strombosia,147,-0.972642,0.648287,0.363731,0.467993,7.6,73.8,0.403939
genus,Strombosiopsis,Olacaceae,Angiosperm,family,Olacaceae,464,-0.746868,0.592203,0.381469,0.573087,1.4,103,0.50961
genus,Strychnos,Loganiaceae,Angiosperm,genus,Strychnos,197,-2.02186,1.02949,0.429874,0.785174,1.4,47.4,0.145226
genus,Stryphnodendron,Fabaceae,Angiosperm,genus,Stryphnodendron,31,-1.31281,0.733489,0.378746,0.573079,8.6,86.3,0.289071
genus,Styphelia,Ericaceae,Angiosperm,family,Ericaceae,1443,-0.62978,0.4646,0.371398,0.552415,1,149,0.570745
genus,Styphnolobium,Fabaceae,Angiosperm,genus,Styphnolobium,47,-1.49058,0.7894,0.312941,0.529966,7.6,48.4,0.236546
genus,Styrax,Styracaceae,Angiosperm,genus,Styrax,107,-1.2624,0.603527,0.440886,0.340201,3.2,50.5,0.311857
genus,Sundacarpus,Podocarpaceae,Gymnosperm,family,Podocarpaceae,681,-1.10842,0.614147,0.319892,0.746055,1.9,266,0.34741
genus,Suregada,Euphorbiaceae,Angiosperm,genus,Suregada,84,-1.71455,0.773685,0.421029,0.490484,3.2,28,0.196731
genus,Swartzia,Fabaceae,Angiosperm,genus,Swartzia,80,-1.24996,0.730782,0.486419,0.714038,1.1,86,0.322497
genus,Swertia,Gentianaceae,Angiosperm,family,Gentianaceae,63,-1.17719,0.676834,0.238883,0.804805,3,66.2,0.317061
genus,Swietenia,Meliaceae,Angiosperm,family,Meliaceae,2186,-0.866573,0.57892,0.474811,0.632607,1,280.3,0.470551
genus,Swintonia,Anacardiaceae,Angiosperm,family,Anacardiaceae,2052,-1.2584,0.679159,0.439244,0.710644,1,197.5,0.312881
genus,Symphonia,Clusiaceae,Angiosperm,genus,Symphonia,33,0.0967629,0.347732,0.32858,0.262086,6.8,75.2,1.1627
genus,Symphoricarpos,Caprifoliaceae,Angiosperm,division,Angiosperm,211929,-1.16468,0.646075,0.464109,0.608856,1,385,0.347503
genus,Symplocos,Symplocaceae,Angiosperm,genus,Symplocos,1333,-0.888579,0.462329,0.4246,0.313228,1.1,60.4,0.450032
genus,Syncarpia,Myrtaceae,Angiosperm,family,Myrtaceae,9073,-1.07255,0.569338,0.402473,0.610796,1,385,0.370999
genus,Syndiclis,Lauraceae,Angiosperm,family,Lauraceae,6466,-0.827153,0.494061,0.501244,0.495364,1,195,0.495826
genus,Synima,Sapindaceae,Angiosperm,family,Sapindaceae,9911,-0.998904,0.640163,0.420493,0.572939,1,141.2,0.402324
genus,Synoum,Meliaceae,Angiosperm,family,Meliaceae,2186,-0.866573,0.57892,0.474811,0.632607,1,280.3,0.470551
genus,Synsepalum,Sapotaceae,Angiosperm,family,Sapotaceae,3340,-1.00975,0.592546,0.498707,0.615454,1,180,0.412551
genus,Syzygium,Myrtaceae,Angiosperm,genus,Syzygium,1954,-1.10013,0.591583,0.427592,0.489235,1.2,189,0.364688
genus,Tabebuia,Bignoniaceae,Angiosperm,genus,Tabebuia,51,-0.91241,0.700237,0.343523,0.903767,1.1,108.9,0.425961
genus,Tabernaemontana,Apocynaceae,Angiosperm,genus,Tabernaemontana,265,-1.22208,0.685835,0.434949,0.649966,1,95,0.323844
genus,Tachigali,Fabaceae,Angiosperm,genus,Tachigali,205,-0.875993,0.646104,0.346777,0.839858,1.3,95.6,0.442256
genus,Talisia,Sapindaceae,Angiosperm,family,Sapindaceae,9911,-0.998904,0.640163,0.420493,0.572939,1,141.2,0.402324
genus,Tamarindus,Fabaceae,Angiosperm,family,Fabaceae,13535,-1.19381,0.703454,0.539608,0.602688,1,246.4,0.35056
genus,Tambourissa,Monimiaceae,Angiosperm,family,Monimiaceae,194,-0.272793,0.417823,0.367659,0.229018,10.3,112,0.814479
genus,Taonabo,Pentaphylacaceae,Angiosperm,family,Pentaphylacaceae,1279,-1.16728,0.572801,0.404573,0.430511,1.2,112,0.337754
genus,Tapeinosperma,Primulaceae,Angiosperm,family,Primulaceae,607,-1.02926,0.533411,0.456215,0.479607,1,65.5,0.396453
genus,Tapirira,Anacardiaceae,Angiosperm,genus,Tapirira,52,-1.43988,0.803806,0.341637,0.614189,6.7,66.6,0.251196
genus,Tapoides,Euphorbiaceae,Angiosperm,family,Euphorbiaceae,6196,-1.17832,0.614096,0.482286,0.532154,1,117,0.345755
genus,Tapura,Dichapetalaceae,Angiosperm,division,Angiosperm,211929,-1.16468,0.646075,0.464109,0.608856,1,385,0.347503
genus,Tarenna,Rubiaceae,Angiosperm,genus,Tarenna,46,-1.24656,0.566867,0.437124,0.368639,1.6,29,0.316315
genus,Tarennoidea,Rubiaceae,Angiosperm,genus,Tarennoidea,76,-0.704465,0.346477,0.404848,0.225853,3,47.8,0.536594
genus,Tarrietia,Malvaceae,Angiosperm,family,Malvaceae,4461,-1.20189,0.656564,0.487643,0.62546,1,247.7,0.33858
genus,Tasmannia,Winteraceae,Angiosperm,division,Angiosperm,211929,-1.16468,0.646075,0.464109,0.608856,1,385,0.347503
genus,Taxodium,Cupressaceae,Gymnosperm,family,Cupressaceae,563,-1.03097,0.556493,0.392518,0.571444,1,770,0.385224
genus,Taxus,Taxaceae,Gymnosperm,division,Gymnosperm,77655,-1.52419,0.708135,0.304932,0.651332,1,770,0.228162
genus,Tecoma,Bignoniaceae,Angiosperm,family,Bignoniaceae,878,-1.40041,0.718885,0.507137,0.645503,1.1,137.3,0.280322
genus,Tectona,Lamiaceae,Angiosperm,genus,Tectona,144,-3.2842,1.23936,0.320776,0.576978,5.8,37.1,0.0394486
genus,Teijsmanniodendron,Lamiaceae,Angiosperm,family,Lamiaceae,683,-1.20981,0.61105,0.537772,0.453723,1,77.5,0.344655
genus,Terminalia,Combretaceae,Angiosperm,genus,Terminalia,940,-1.12205,0.672585,0.36268,0.747288,1,191,0.347746
genus,Ternstroemia,Pentaphylacaceae,Angiosperm,genus,Ternstroemia,67,-1.15363,0.637913,0.500642,0.388114,2.1,58.5,0.357613
genus,Tessmannia,Fabaceae,Angiosperm,genus,Tessmannia,33,-2.55104,1.09647,0.401591,0.74205,11.6,83.5,0.0845509
genus,Tetraberlinia,Fabaceae,Angiosperm,family,Fabaceae,13535,-1.19381,0.703454,0.539608,0.602688,1,246.4,0.35056
genus,Tetractomia,Rutaceae,Angiosperm,family,Rutaceae,1836,-1.18574,0.604387,0.436409,0.516094,1,120,0.336044
genus,Tetradium,Rutaceae,Angiosperm,genus,Tetradium,121,-1.30821,0.587689,0.426812,0.390133,3,48.5,0.29608
genus,Tetragastris,Burseraceae,Angiosperm,genus,Tetragastris,315,-0.992377,0.642161,0.347328,0.783943,1,140.3,0.393742
genus,Tetrameles,Tetramelaceae,Angiosperm,division,Angiosperm,211929,-1.16468,0.646075,0.464109,0.608856,1,385,0.347503
genus,Tetramerista,Tetrameristaceae,Angiosperm,division,Angiosperm,211929,-1.16468,0.646075,0.464109,0.608856,1,385,0.347503
genus,Tetranthera,Lauraceae,Angiosperm,family,Lauraceae,6466,-0.827153,0.494061,0.501244,0.495364,1,195,0.495826
genus,Tetrapleura,Fabaceae,Angiosperm,family,Fabaceae,13535,-1.19381,0.703454,0.539608,0.602688,1,246.4,0.35056
genus,Tetrardisia,Primulaceae,Angiosperm,family,Primulaceae,607,-1.02926,0.533411,0.456215,0.479607,1,65.5,0.396453
genus,Tetrorchidium,Euphorbiaceae,Angiosperm,family,Euphorbiaceae,6196,-1.17832,0.614096,0.482286,0.532154,1,117,0.345755
genus,Theobroma,Malvaceae,Angiosperm,genus,Theobroma,604,-0.405132,0.447169,0.332424,0.210484,1.6,61,0.704773
genus,Thevetia,Apocynaceae,Angiosperm,family,Apocynaceae,1361,-1.21636,0.659122,0.458037,0.640796,1,186.2,0.329077
genus,Thomandersia,Thomandersiaceae,Angiosperm,division,Angiosperm,211929,-1.16468,0.646075,0.464109,0.608856,1,385,0.347503
genus,Thouinia,Sapindaceae,Angiosperm,family,Sapindaceae,9911,-0.998904,0.640163,0.420493,0.572939,1,141.2,0.402324
genus,Thouinidium,Sapindaceae,Angiosperm,family,Sapindaceae,9911,-0.998904,0.640163,0.420493,0.572939,1,141.2,0.402324
genus,Thuja,Cupressaceae,Gymnosperm,genus,Thuja,125,-0.79798,0.482419,0.280718,0.700806,1,69.4,0.468332
genus,Thujopsis,Cupressaceae,Gymnosperm,family,Cupressaceae,563,-1.03097,0.556493,0.392518,0.571444,1,770,0.385224
genus,Thyrsodium,Anacardiaceae,Angiosperm,family,Anacardiaceae,2052,-1.2584,0.679159,0.439244,0.710644,1,197.5,0.312881
genus,Tieghemella,Sapotaceae,Angiosperm,family,Sapotaceae,3340,-1.00975,0.592546,0.498707,0.615454,1,180,0.412551
genus,Tilia,Malvaceae,Angiosperm,genus,Tilia,783,-0.869939,0.557953,0.43729,0.412039,1.4,166,0.461014
genus,Timonius,Rubiaceae,Angiosperm,family,Rubiaceae,4106,-0.998275,0.548977,0.506684,0.437674,1,112,0.418989
genus,Tisonia,Salicaceae,Angiosperm,family,Salicaceae,2221,-1.09157,0.615443,0.390641,0.630887,1,103.5,0.362303
genus,Tocoyena,Rubiaceae,Angiosperm,family,Rubiaceae,4106,-0.998275,0.548977,0.506684,0.437674,1,112,0.418989
genus,Toddalia,Rutaceae,Angiosperm,family,Rutaceae,1836,-1.18574,0.604387,0.436409,0.516094,1,120,0.336044
genus,Toechima,Sapindaceae,Angiosperm,family,Sapindaceae,9911,-0.998904,0.640163,0.420493,0.572939,1,141.2,0.402324
genus,Tonduzia,Apocynaceae,Angiosperm,family,Apocynaceae,1361,-1.21636,0.659122,0.458037,0.640796,1,186.2,0.329077
genus,Toona,Meliaceae,Angiosperm,genus,Toona,36,-0.807768,0.586178,0.437393,0.688668,1.6,60.7,0.490607
genus,Tournefortia,Boraginaceae,Angiosperm,family,Boraginaceae,362,-1.00836,0.564563,0.55653,0.492039,1,106.3,0.425924
genus,Toxicodendron,Anacardiaceae,Angiosperm,genus,Toxicodendron,208,-1.04814,0.547807,0.453178,0.611431,1,36,0.388503
genus,Trattinnickia,Burseraceae,Angiosperm,family,Burseraceae,3087,-1.49501,0.716147,0.568016,0.5364,1,150.6,0.263503
genus,Treculia,Moraceae,Angiosperm,family,Moraceae,2663,-1.1809,0.654914,0.498565,0.646044,1,217.7,0.34763
genus,Trema,Cannabaceae,Angiosperm,genus,Trema,69,-1.36172,0.715559,0.443947,0.693621,1,64,0.282755
genus,Trevesia,Araliaceae,Angiosperm,family,Araliaceae,1392,-1.63073,0.730318,0.499306,0.591335,1,138.1,0.221779
genus,Trevia,Euphorbiaceae,Angiosperm,family,Euphorbiaceae,6196,-1.17832,0.614096,0.482286,0.532154,1,117,0.345755
genus,Triadica,Euphorbiaceae,Angiosperm,genus,Triadica,210,-1.56519,0.690868,0.380536,0.502888,3,37.4,0.224747
genus,Tricalysia,Rubiaceae,Angiosperm,family,Rubiaceae,4106,-0.998275,0.548977,0.506684,0.437674,1,112,0.418989
genus,Trichilia,Meliaceae,Angiosperm,genus,Trichilia,957,-0.812517,0.561765,0.508494,0.53595,1,86.5,0.504981
genus,Trichoscypha,Anacardiaceae,Angiosperm,family,Anacardiaceae,2052,-1.2584,0.679159,0.439244,0.710644,1,197.5,0.312881
genus,Trichospermum,Malvaceae,Angiosperm,family,Malvaceae,4461,-1.20189,0.656564,0.487643,0.62546,1,247.7,0.33858
genus,Trigoniastrum,Trigoniaceae,Angiosperm,division,Angiosperm,211929,-1.16468,0.646075,0.464109,0.608856,1,385,0.347503
genus,Trigonobalanus,Fagaceae,Angiosperm,family,Fagaceae,77236,-1.61565,0.780644,0.386577,0.655452,1,222.9,0.214181
genus,Trigonostemon,Euphorbiaceae,Angiosperm,family,Euphorbiaceae,6196,-1.17832,0.614096,0.482286,0.532154,1,117,0.345755
genus,Trilepisium,Moraceae,Angiosperm,family,Moraceae,2663,-1.1809,0.654914,0.498565,0.646044,1,217.7,0.34763
genus,Triplaris,Polygonaceae,Angiosperm,division,Angiosperm,211929,-1.16468,0.646075,0.464109,0.608856,1,385,0.347503
genus,Triplochiton,Malvaceae,Angiosperm,family,Malvaceae,4461,-1.20189,0.656564,0.487643,0.62546,1,247.7,0.33858
genus,Tristaniopsis,Myrtaceae,Angiosperm,genus,Tristaniopsis,117,-0.869479,0.614695,0.196605,0.717836,4.9,74.8,0.42735
genus,Tristiropsis,Sapindaceae,Angiosperm,family,Sapindaceae,9911,-0.998904,0.640163,0.420493,0.572939,1,141.2,0.402324
genus,Tritaxis,Euphorbiaceae,Angiosperm,family,Euphorbiaceae,6196,-1.17832,0.614096,0.482286,0.532154,1,117,0.345755
genus,Trochocarpa,Ericaceae,Angiosperm,family,Ericaceae,1443,-0.62978,0.4646,0.371398,0.552415,1,149,0.570745
genus,Trophis,Moraceae,Angiosperm,family,Moraceae,2663,-1.1809,0.654914,0.498565,0.646044,1,217.7,0.34763
genus,Tsuga,Pinaceae,Gymnosperm,genus,Tsuga,573,-0.619984,0.510183,0.285209,0.521895,1,101.8,0.560284
genus,Turnera,Passifloraceae,Angiosperm,family,Passifloraceae,35,-0.85094,0.588435,0.480469,0.522437,1.2,34,0.479259
genus,Turpinia,Staphyleaceae,Angiosperm,genus,Turpinia,58,-0.981822,0.625895,0.454882,0.662866,1,55.4,0.415462
genus,Turraeanthus,Meliaceae,Angiosperm,family,Meliaceae,2186,-0.866573,0.57892,0.474811,0.632607,1,280.3,0.470551
genus,Uapaca,Phyllanthaceae,Angiosperm,genus,Uapaca,68,-0.839877,0.695091,0.335008,0.86218,2.5,101.3,0.456685
genus,Ulmus,Ulmaceae,Angiosperm,genus,Ulmus,321,-0.688094,0.593973,0.30583,0.707067,1,82,0.526593
genus,Uncaria,Rubiaceae,Angiosperm,family,Rubiaceae,4106,-0.998275,0.548977,0.506684,0.437674,1,112,0.418989
genus,Unonopsis,Annonaceae,Angiosperm,family,Annonaceae,1937,-0.832977,0.567258,0.469393,0.575238,1,126,0.485385
genus,Urera,Urticaceae,Angiosperm,family,Urticaceae,449,-1.4549,0.788163,0.497939,0.661041,1,105.1,0.264232
genus,Urophyllum,Rubiaceae,Angiosperm,genus,Urophyllum,40,-0.527193,0.418129,0.303593,0.60048,1.3,22.9,0.618098
genus,Uvariastrum,Annonaceae,Angiosperm,family,Annonaceae,1937,-0.832977,0.567258,0.469393,0.575238,1,126,0.485385
genus,Vaccinium,Ericaceae,Angiosperm,family,Ericaceae,1443,-0.62978,0.4646,0.371398,0.552415,1,149,0.570745
genus,Vachellia,Fabaceae,Angiosperm,genus,Vachellia,907,-1.18987,0.716781,0.35938,0.707404,1.1,54,0.324558
genus,Van-royena,Sapotaceae,Angiosperm,family,Sapotaceae,3340,-1.00975,0.592546,0.498707,0.615454,1,180,0.412551
genus,Vangueria,Rubiaceae,Angiosperm,family,Rubiaceae,4106,-0.998275,0.548977,0.506684,0.437674,1,112,0.418989
genus,Vangueriopsis,Rubiaceae,Angiosperm,family,Rubiaceae,4106,-0.998275,0.548977,0.506684,0.437674,1,112,0.418989
genus,Vatairea,Fabaceae,Angiosperm,family,Fabaceae,13535,-1.19381,0.703454,0.539608,0.602688,1,246.4,0.35056
genus,Vataireopsis,Fabaceae,Angiosperm,family,Fabaceae,13535,-1.19381,0.703454,0.539608,0.602688,1,246.4,0.35056
genus,Vateria,Dipterocarpaceae,Angiosperm,genus,Vateria,333,-1.75022,0.882214,0.308289,0.753654,9.2,120.7,0.182191
genus,Vatica,Dipterocarpaceae,Angiosperm,genus,Vatica,1578,-1.3812,0.632887,0.386648,0.514555,1,59.8,0.270779
genus,Vavaea,Meliaceae,Angiosperm,family,Meliaceae,2186,-0.866573,0.57892,0.474811,0.632607,1,280.3,0.470551
genus,Vepris,Rutaceae,Angiosperm,family,Rutaceae,1836,-1.18574,0.604387,0.436409,0.516094,1,120,0.336044
genus,Vernicia,Euphorbiaceae,Angiosperm,family,Euphorbiaceae,6196,-1.17832,0.614096,0.482286,0.532154,1,117,0.345755
genus,Vernonanthura,Asteraceae,Angiosperm,division,Angiosperm,211929,-1.16468,0.646075,0.464109,0.608856,1,385,0.347503
genus,Verticordia,Myrtaceae,Angiosperm,family,Myrtaceae,9073,-1.07255,0.569338,0.402473,0.610796,1,385,0.370999
genus,Viburnum,Adoxaceae,Angiosperm,division,Angiosperm,211929,-1.16468,0.646075,0.464109,0.608856,1,385,0.347503
genus,Virola,Myristicaceae,Angiosperm,genus,Virola,166,-0.935432,0.615222,0.3795,0.634259,1.5,98.4,0.421716
genus,Vismia,Hypericaceae,Angiosperm,genus,Vismia,30,-0.243513,0.453688,0.260039,0.715116,1.6,58,0.810825
genus,Vitellaria,Sapotaceae,Angiosperm,family,Sapotaceae,3340,-1.00975,0.592546,0.498707,0.615454,1,180,0.412551
genus,Vitex,Lamiaceae,Angiosperm,genus,Vitex,429,-1.47653,0.735113,0.55398,0.52361,2.5,77.5,0.266314
genus,Voacanga,Apocynaceae,Angiosperm,family,Apocynaceae,1361,-1.21636,0.659122,0.458037,0.640796,1,186.2,0.329077
genus,Vochysia,Vochysiaceae,Angiosperm,genus,Vochysia,68,-1.25256,0.70572,0.334423,0.604745,6,85.3,0.302208
genus,Vouacapoua,Fabaceae,Angiosperm,family,Fabaceae,13535,-1.19381,0.703454,0.539608,0.602688,1,246.4,0.35056
genus,Walsura,Meliaceae,Angiosperm,genus,Walsura,66,-0.666491,0.406062,0.393114,0.317258,1.9,35.7,0.554759
genus,Wedelia,Asteraceae,Angiosperm,division,Angiosperm,211929,-1.16468,0.646075,0.464109,0.608856,1,385,0.347503
genus,Weinmannia,Cunoniaceae,Angiosperm,family,Cunoniaceae,98,-1.12508,0.728754,0.454835,0.574266,2.5,80.5,0.360003
genus,Wendlandia,Rubiaceae,Angiosperm,genus,Wendlandia,384,-0.993152,0.489218,0.38022,0.33518,3,60.5,0.398173
genus,Wikstroemia,Thymelaeaceae,Angiosperm,family,Thymelaeaceae,136,-0.97815,0.583658,0.396527,0.586642,1.1,37.5,0.40676
genus,Wilkiea,Monimiaceae,Angiosperm,family,Monimiaceae,194,-0.272793,0.417823,0.367659,0.229018,10.3,112,0.814479
genus,Wisteria,Fabaceae,Angiosperm,family,Fabaceae,13535,-1.19381,0.703454,0.539608,0.602688,1,246.4,0.35056
genus,Woodfordia,Lythraceae,Angiosperm,family,Lythraceae,69,-1.43874,0.632124,0.442631,0.564493,2.7,59.5,0.261642
genus,Wrightia,Apocynaceae,Angiosperm,genus,Wrightia,234,-1.31323,0.590976,0.378329,0.467645,3,43,0.288903
genus,Xanthophyllum,Polygalaceae,Angiosperm,genus,Xanthophyllum,344,-1.00772,0.532203,0.400881,0.460899,1.3,60.3,0.395593
genus,Xanthostemon,Myrtaceae,Angiosperm,genus,Xanthostemon,127,-0.486677,0.37716,0.306873,0.412494,2,29.9,0.644299
genus,Xantolis,Sapotaceae,Angiosperm,family,Sapotaceae,3340,-1.00975,0.592546,0.498707,0.615454,1,180,0.412551
genus,Xeroderris,Fabaceae,Angiosperm,family,Fabaceae,13535,-1.19381,0.703454,0.539608,0.602688,1,246.4,0.35056
genus,Xerospermum,Sapindaceae,Angiosperm,family,Sapindaceae,9911,-0.998904,0.640163,0.420493,0.572939,1,141.2,0.402324
genus,Ximenia,Olacaceae,Angiosperm,genus,Ximenia,113,-1.24927,0.80052,0.363865,0.484969,2,28.8,0.306335
genus,Xylia,Fabaceae,Angiosperm,family,Fabaceae,13535,-1.19381,0.703454,0.539608,0.602688,1,246.4,0.35056
genus,Xylopia,Annonaceae,Angiosperm,genus,Xylopia,209,-0.810207,0.637181,0.309688,0.74029,1,86.2,0.466614
genus,Xymalos,Monimiaceae,Angiosperm,genus,Xymalos,191,-0.246091,0.410701,0.362293,0.229033,10.3,112,0.834884
genus,Zanha,Sapindaceae,Angiosperm,family,Sapindaceae,9911,-0.998904,0.640163,0.420493,0.572939,1,141.2,0.402324
genus,Zanthoxylum,Rutaceae,Angiosperm,genus,Zanthoxylum,280,-1.3444,0.74097,0.464993,0.730798,1,81.8,0.29046
genus,Zapoteca,Fabaceae,Angiosperm,family,Fabaceae,13535,-1.19381,0.703454,0.539608,0.602688,1,246.4,0.35056
genus,Zelkova,Ulmaceae,Angiosperm,genus,Zelkova,55,-1.35783,0.717453,0.357547,0.71226,1.2,34.6,0.274196
genus,Ziziphus,Rhamnaceae,Angiosperm,family,Rhamnaceae,689,-0.56848,0.52228,0.455881,0.462699,1,55.4,0.628407
genus,Zollernia,Fabaceae,Angiosperm,family,Fabaceae,13535,-1.19381,0.703454,0.539608,0.602688,1,246.4,0.35056
genus,Zuelania,Salicaceae,Angiosperm,family,Salicaceae,2221,-1.09157,0.615443,0.390641,0.630887,1,103.5,0.362303
genus,Zygia,Fabaceae,Angiosperm,genus,Zygia,37,-1.61797,0.79094,0.461491,0.746666,2.5,50.3,0.220583
genus,Zygogynum,Winteraceae,Angiosperm,division,Angiosperm,211929,-1.16468,0.646075,0.464109,0.608856,1,385,0.347503
family,Acanthaceae,Acanthaceae,,family,Acanthaceae,477,-1.19448,0.590213,0.364752,0.71692,1,103.3,0.323693
family,Achariaceae,Achariaceae,,family,Achariaceae,167,-1.18536,0.688604,0.409278,0.617129,1.5,80.9,0.332336
family,Actinidiaceae,Actinidiaceae,,family,Actinidiaceae,61,-1.39817,0.726156,0.404168,0.512384,3.5,48,0.268072
family,Altingiaceae,Altingiaceae,,family,Altingiaceae,844,-1.13168,0.638188,0.439817,0.633937,1,80.5,0.355239
family,Anacardiaceae,Anacardiaceae,,family,Anacardiaceae,2052,-1.2584,0.679159,0.439244,0.710644,1,197.5,0.312881
family,Annonaceae,Annonaceae,,family,Annonaceae,1937,-0.832977,0.567258,0.469393,0.575238,1,126,0.485385
family,Apocynaceae,Apocynaceae,,family,Apocynaceae,1361,-1.21636,0.659122,0.458037,0.640796,1,186.2,0.329077
family,Aquifoliaceae,Aquifoliaceae,,family,Aquifoliaceae,868,-0.657717,0.501246,0.521336,0.492145,1,87.1,0.593439
family,Araliaceae,Araliaceae,,family,Araliaceae,1392,-1.63073,0.730318,0.499306,0.591335,1,138.1,0.221779
family,Asparagaceae,Asparagaceae,,family,Asparagaceae,65,-1.14251,0.566072,0.596771,0.29815,1.3,82.2,0.381198
family,Betulaceae,Betulaceae,,family,Betulaceae,7142,-0.680126,0.553554,0.428609,0.484013,1,145,0.555286
family,Bignoniaceae,Bignoniaceae,,family,Bignoniaceae,878,-1.40041,0.718885,0.507137,0.645503,1.1,137.3,0.280322
family,Bixaceae,Bixaceae,,family,Bixaceae,150,-1.91464,0.673584,0.649579,0.277746,1.6,40.5,0.182015
family,Boraginaceae,Boraginaceae,,family,Boraginaceae,362,-1.00836,0.564563,0.55653,0.492039,1,106.3,0.425924
family,Burseraceae,Burseraceae,,family,Burseraceae,3087,-1.49501,0.716147,0.568016,0.5364,1,150.6,0.263503
family,Calophyllaceae,Calophyllaceae,,family,Calophyllaceae,278,-0.907257,0.665366,0.351527,0.820939,1.1,163,0.429355
family,Cannabaceae,Cannabaceae,,family,Cannabaceae,1679,-1.32266,0.681664,0.475824,0.536441,1,180,0.298359
family,Capparaceae,Capparaceae,,family,Capparaceae,456,-0.69434,0.432976,0.407584,0.381963,1,33.3,0.542657
family,Cardiopteridaceae,Cardiopteridaceae,,family,Cardiopteridaceae,218,-0.945386,0.508211,0.374005,0.3664,1.3,38,0.416676
family,Caricaceae,Caricaceae,,family,Caricaceae,65,-1.18603,0.54408,0.374093,0.643166,2.4,81.8,0.32757
family,Caryocaraceae,Caryocaraceae,,family,Caryocaraceae,44,-0.735449,0.591919,0.449263,0.487374,9.8,164,0.530185
family,Celastraceae,Celastraceae,,family,Celastraceae,435,-1.13263,0.66231,0.556926,0.494744,1,101.6,0.376232
family,Chrysobalanaceae,Chrysobalanaceae,,family,Chrysobalanaceae,345,-0.800438,0.601551,0.417896,0.671237,1.1,99.9,0.490113
family,Clethraceae,Clethraceae,,family,Clethraceae,32,-0.806516,0.631036,0.290765,0.896232,1.2,59.4,0.465686
family,Clusiaceae,Clusiaceae,,family,Clusiaceae,1211,-1.20062,0.675771,0.482073,0.521062,1,77.4,0.338095
family,Combretaceae,Combretaceae,,family,Combretaceae,1534,-1.12022,0.687025,0.395915,0.720486,1,191,0.352803
family,Connaraceae,Connaraceae,,family,Connaraceae,77,-1.22165,0.585382,0.426067,0.359038,2.5,37.3,0.322748
family,Cornaceae,Cornaceae,,family,Cornaceae,567,-1.39765,0.757634,0.560946,0.684894,1,55,0.289292
family,Ctenolophonaceae,Ctenolophonaceae,,family,Ctenolophonaceae,105,-0.583943,0.566695,0.258505,0.84173,2.3,184,0.576643
family,Cunoniaceae,Cunoniaceae,,family,Cunoniaceae,98,-1.12508,0.728754,0.454835,0.574266,2.5,80.5,0.360003
family,Cupressaceae,Cupressaceae,,family,Cupressaceae,563,-1.03097,0.556493,0.392518,0.571444,1,770,0.385224
family,Daphniphyllaceae,Daphniphyllaceae,,family,Daphniphyllaceae,157,-1.12468,0.628183,0.366256,0.522384,2.6,34.4,0.347285
family,Dilleniaceae,Dilleniaceae,,family,Dilleniaceae,320,-0.9912,0.507868,0.474276,0.310851,2.3,66,0.41531
family,Dipterocarpaceae,Dipterocarpaceae,,family,Dipterocarpaceae,3821,-1.58657,0.774201,0.418766,0.726176,1,212,0.223378
family,Ebenaceae,Ebenaceae,,family,Ebenaceae,2365,-1.07417,0.578095,0.490275,0.470111,1,77.3,0.385203
family,Elaeocarpaceae,Elaeocarpaceae,,family,Elaeocarpaceae,544,-1.29781,0.67034,0.458223,0.600951,1.1,124.7,0.303363
family,Ericaceae,Ericaceae,,family,Ericaceae,1443,-0.62978,0.4646,0.371398,0.552415,1,149,0.570745
family,Escalloniaceae,Escalloniaceae,,family,Escalloniaceae,66,-1.02974,0.49247,0.38849,0.411816,3.2,54,0.385088
family,Euphorbiaceae,Euphorbiaceae,,family,Euphorbiaceae,6196,-1.17832,0.614096,0.482286,0.532154,1,117,0.345755
family,Fabaceae,Fabaceae,,family,Fabaceae,13535,-1.19381,0.703454,0.539608,0.602688,1,246.4,0.35056
family,Fagaceae,Fagaceae,,family,Fagaceae,77236,-1.61565,0.780644,0.386577,0.655452,1,222.9,0.214181
family,Gentianaceae,Gentianaceae,,family,Gentianaceae,63,-1.17719,0.676834,0.238883,0.804805,3,66.2,0.317061
family,Hamamelidaceae,Hamamelidaceae,,family,Hamamelidaceae,264,-0.14195,0.387314,0.461524,0.330204,1,44,0.965173
family,Humiriaceae,Humiriaceae,,family,Humiriaceae,167,-1.24638,0.723722,0.331029,0.616971,9.6,98.5,0.303737
family,Hypericaceae,Hypericaceae,,family,Hypericaceae,678,-1.3218,0.639168,0.41348,0.424304,1.6,58,0.290452
family,Irvingiaceae,Irvingiaceae,,family,Irvingiaceae,75,-1.59721,0.834102,0.460154,0.643919,10.3,174,0.225071
family,Ixonanthaceae,Ixonanthaceae,,family,Ixonanthaceae,138,-1.4571,0.655756,0.355174,0.62674,1.9,78.5,0.248074
family,Juglandaceae,Juglandaceae,,family,Juglandaceae,1068,-1.78882,0.840949,0.446595,0.640864,1.6,72.6,0.184687
family,Lamiaceae,Lamiaceae,,family,Lamiaceae,683,-1.20981,0.61105,0.537772,0.453723,1,77.5,0.344655
family,Lauraceae,Lauraceae,,family,Lauraceae,6466,-0.827153,0.494061,0.501244,0.495364,1,195,0.495826
family,Lecythidaceae,Lecythidaceae,,family,Lecythidaceae,1114,-0.900694,0.596827,0.391663,0.562421,1.1,186.2,0.438676
family,Loganiaceae,Loganiaceae,,family,Loganiaceae,197,-2.02186,1.02949,0.429874,0.785174,1.4,47.4,0.145226
family,Lythraceae,Lythraceae,,family,Lythraceae,69,-1.43874,0.632124,0.442631,0.564493,2.7,59.5,0.261642
family,Magnoliaceae,Magnoliaceae,,family,Magnoliaceae,613,-1.47663,0.783594,0.335245,0.78419,2.2,111.1,0.241609
family,Malpighiaceae,Malpighiaceae,,family,Malpighiaceae,439,-0.855526,0.533879,0.549069,0.33432,1,46,0.494214
family,Malvaceae,Malvaceae,,family,Malvaceae,4461,-1.20189,0.656564,0.487643,0.62546,1,247.7,0.33858
family,Melastomataceae,Melastomataceae,,family,Melastomataceae,523,-0.779471,0.547054,0.460786,0.517693,1,49.7,0.510018
family,Meliaceae,Meliaceae,,family,Meliaceae,2186,-0.866573,0.57892,0.474811,0.632607,1,280.3,0.470551
family,Metteniusaceae,Metteniusaceae,,family,Metteniusaceae,99,-1.22688,0.595235,0.38929,0.508359,3.3,39.5,0.316286
family,Monimiaceae,Monimiaceae,,family,Monimiaceae,194,-0.272793,0.417823,0.367659,0.229018,10.3,112,0.814479
family,Moraceae,Moraceae,,family,Moraceae,2663,-1.1809,0.654914,0.498565,0.646044,1,217.7,0.34763
family,Myricaceae,Myricaceae,,family,Myricaceae,37,-0.139754,0.335607,0.268522,0.595157,1.1,43.9,0.901493
family,Myristicaceae,Myristicaceae,,family,Myristicaceae,964,-0.851103,0.613182,0.355717,0.708463,1,136.8,0.454828
family,Myrtaceae,Myrtaceae,,family,Myrtaceae,9073,-1.07255,0.569338,0.402473,0.610796,1,385,0.370999
family,Nothofagaceae,Nothofagaceae,,family,Nothofagaceae,1483,-1.36163,0.687883,0.321271,0.787839,1,206.3,0.269813
family,Nyctaginaceae,Nyctaginaceae,,family,Nyctaginaceae,464,-1.33441,0.710739,0.560384,0.501096,1,104.6,0.308081
family,Nyssaceae,Nyssaceae,,family,Nyssaceae,121,-0.391344,0.474742,0.288899,0.541389,1.5,62,0.704961
family,Ochnaceae,Ochnaceae,,family,Ochnaceae,215,-1.29361,0.719512,0.42147,0.667232,1,114.7,0.299755
family,Olacaceae,Olacaceae,,family,Olacaceae,464,-0.746868,0.592203,0.381469,0.573087,1.4,103,0.50961
family,Oleaceae,Oleaceae,,family,Oleaceae,3572,-0.928935,0.545344,0.439232,0.492978,1,88.8,0.434973
family,Pandaceae,Pandaceae,,family,Pandaceae,166,-1.1189,0.643272,0.511808,0.588088,1.3,74.6,0.372346
family,Passifloraceae,Passifloraceae,,family,Passifloraceae,35,-0.85094,0.588435,0.480469,0.522437,1.2,34,0.479259
family,Pentaphylacaceae,Pentaphylacaceae,,family,Pentaphylacaceae,1279,-1.16728,0.572801,0.404573,0.430511,1.2,112,0.337754
family,Phyllanthaceae,Phyllanthaceae,,family,Phyllanthaceae,2497,-1.46621,0.775491,0.470494,0.629917,1,111.5,0.257811
family,Pinaceae,Pinaceae,,family,Pinaceae,76326,-1.54844,0.715395,0.302654,0.653003,1,152.9,0.222542
family,Pittosporaceae,Pittosporaceae,,family,Pittosporaceae,66,-1.62774,0.848246,0.311168,0.723416,3,27.6,0.206113
family,Platanaceae,Platanaceae,,family,Platanaceae,76,-0.923934,0.690911,0.268658,0.634726,9.3,71,0.411541
family,Podocarpaceae,Podocarpaceae,,family,Podocarpaceae,681,-1.10842,0.614147,0.319892,0.746055,1.9,266,0.34741
family,Polygalaceae,Polygalaceae,,family,Polygalaceae,351,-1.0078,0.531684,0.399799,0.461213,1.3,60.3,0.395389
family,Primulaceae,Primulaceae,,family,Primulaceae,607,-1.02926,0.533411,0.456215,0.479607,1,65.5,0.396453
family,Proteaceae,Proteaceae,,family,Proteaceae,510,-1.50893,0.80052,0.381045,0.713551,1.8,88,0.237798
family,Putranjivaceae,Putranjivaceae,,family,Putranjivaceae,559,-1.18648,0.668577,0.520522,0.562337,1.1,72.5,0.349585
family,Resedaceae,Resedaceae,,family,Resedaceae,50,-1.01181,0.620691,0.304624,0.735597,1,24.1,0.380825
family,Rhamnaceae,Rhamnaceae,,family,Rhamnaceae,689,-0.56848,0.52228,0.455881,0.462699,1,55.4,0.628407
family,Rhizophoraceae,Rhizophoraceae,,family,Rhizophoraceae,292,-1.00786,0.68497,0.339852,0.808051,1,113.4,0.386698
family,Rosaceae,Rosaceae,,family,Rosaceae,1561,-0.948281,0.553616,0.50296,0.451948,1,100,0.439641
family,Rubiaceae,Rubiaceae,,family,Rubiaceae,4106,-0.998275,0.548977,0.506684,0.437674,1,112,0.418989
family,Rutaceae,Rutaceae,,family,Rutaceae,1836,-1.18574,0.604387,0.436409,0.516094,1,120,0.336044
family,Sabiaceae,Sabiaceae,,family,Sabiaceae,320,-1.37401,0.657643,0.433136,0.467485,1.3,41.5,0.277978
family,Salicaceae,Salicaceae,,family,Salicaceae,2221,-1.09157,0.615443,0.390641,0.630887,1,103.5,0.362303
family,Santalaceae,Santalaceae,,family,Santalaceae,42,-0.828685,0.400661,0.454585,0.269721,1,41.3,0.484149
family,Sapindaceae,Sapindaceae,,family,Sapindaceae,9911,-0.998904,0.640163,0.420493,0.572939,1,141.2,0.402324
family,Sapotaceae,Sapotaceae,,family,Sapotaceae,3340,-1.00975,0.592546,0.498707,0.615454,1,180,0.412551
family,Schisandraceae,Schisandraceae,,family,Schisandraceae,88,-1.18373,0.578481,0.330864,0.382684,3,21.5,0.323358
family,Schoepfiaceae,Schoepfiaceae,,family,Schoepfiaceae,46,-0.945841,0.565676,0.397336,0.55375,1.2,23.1,0.420251
family,Simaroubaceae,Simaroubaceae,,family,Simaroubaceae,164,-1.05908,0.616087,0.466485,0.707822,1,78.9,0.386634
family,Staphyleaceae,Staphyleaceae,,family,Staphyleaceae,84,-0.892752,0.601233,0.452821,0.625817,1,55.4,0.453741
family,Styracaceae,Styracaceae,,family,Styracaceae,270,-1.19184,0.574881,0.445635,0.403645,3,75.5,0.335362
family,Symplocaceae,Symplocaceae,,family,Symplocaceae,1333,-0.888579,0.462329,0.4246,0.313228,1.1,60.4,0.450032
family,Theaceae,Theaceae,,family,Theaceae,1208,-1.25632,0.625259,0.401328,0.645191,1,73,0.308577
family,Thymelaeaceae,Thymelaeaceae,,family,Thymelaeaceae,136,-0.97815,0.583658,0.396527,0.586642,1.1,37.5,0.40676
family,Ulmaceae,Ulmaceae,,family,Ulmaceae,595,-0.668694,0.584826,0.343496,0.747468,1,82,0.543514
family,Urticaceae,Urticaceae,,family,Urticaceae,449,-1.4549,0.788163,0.497939,0.661041,1,105.1,0.264232
family,Violaceae,Violaceae,,family,Violaceae,1156,-0.492095,0.483323,0.311101,0.679641,1,47.3,0.641656
family,Vochysiaceae,Vochysiaceae,,family,Vochysiaceae,117,-1.30568,0.729449,0.344753,0.639775,6,125.7,0.287582
family,Zygophyllaceae,Zygophyllaceae,,family,Zygophyllaceae,139,-1.61754,0.767719,0.441616,0.632258,1.1,170.8,0.218706
division,Angiosperm,,Angiosperm,division,Angiosperm,211929,-1.16468,0.646075,0.464109,0.608856,1,385,0.347503
division,Gymnosperm,,Gymnosperm,division,Gymnosperm,77655,-1.52419,0.708135,0.304932,0.651332,1,770,0.228162
global,all,,,global,all,312339,-1.13838,0.626633,0.439099,0.601996,1,770,0.352756
